index,likeness,c_black,c_white,c_gray,c_red,c_orange,c_yellow,c_green,c_blue,c_purple,c_skyblue,c_brown,c_pink,c_beige,c_charcoal,c_kaki,c_navy,c_neon,c_pastel,l_long,l_nshort,l_short,f_over,f_loose,f_regular,f_semiover,thick_high,thick_normal,thick_low,flex_high,flex_low,flex_normal,fabr_cotton,fab_linnen,fab_poli,fab_rayon,fab_nylon,fab_wool,fab_span,fab_tensil,fab_etc,neck_round,neck_v,neck_pola,neck_hpola,collar_normal,collar_china,collar_open,d_pocket,d_logo,d_frontprint,d_backprint,d_frontletter,d_backletter,d_stripe,d_layerd,d_addcolor,d_sideopen,d_button,d_hpocket,d_zipper,d_sibori,d_etc
1,,1,,,,,,,,,,,,,,,,,,,,1,1,,,,,,1,1,,,1,,,,,,,,,,,,,1,,,,,0,0,0,0,,,,,,1,1,,
2,,1,,,,,,,,,,,,,,,,,,,,1,1,,,,,1,,,1,,1,,,,,,,,,1,,,,,,,,1,0,1,0,1,,,,,,,,,
3,,,1,,,,,,,,,,,,,,,,,,1,,1,,,,,,1,,1,,1,,,,,,,,,1,,,,,,,,1,0,0,0,1,,,,,,,,,
4,,,,,,,,,1,,,,,,,,,,1,,1,,1,,,,,1,,,1,,1,,,,,,,,,1,,,,,,,,1,0,0,0,0,,,,,,,,,
5,0,1,,,,,,,,,,,,,,,,,,,,1,,,,1,,1,,,1,,1,,,,,,,,,,1,,,,,,,,0,0,0,0,,,,,,,,,
6,1,,1,,,,,,,,,,,,,,,,,,,1,,,1,,,,1,,1,,1,,,,,,,,,1,,,,,,,,,0,0,0,0,,,,,,,,,
7,,,,,,,,,1,,,,,,,,1,,,,,1,,,1,,,,1,,1,,1,,,,,,,,,1,,,,,,,,,0,0,0,0,,,,,,,,,
8,,1,,,,,,,,,,,,,,,,,,,,1,,,1,,,,1,,,1,1,,,,,,,,,,,,,1,,,,,0,0,0,0,,,,,,,,,
9,,1,,,,,,,,,,,,,,,,,,,,1,1,,,,,1,,,1,,1,,,,,,,,,1,,,,,,,,1,0,1,0,0,,,,,,,,,
10,1,1,1,,,,,,,,,,,,,,,,,,,1,1,,,,,,1,,,1,1,,,,,,,,,1,,,,,,,,,0,0,0,0,1,,,,,,,,
11,,,1,,,,,1,,,,,,,,,,,,,,1,1,,,,,,1,,,1,1,,,,,,,,,1,,,,,,,,,0,0,0,0,1,,,,,,,,
12,,1,,,1,,,,,,,,,,,,,,,,,1,1,,,,,,1,,,1,1,,,,,,,,,1,,,,,,,,,0,0,0,0,1,,,,,,,,
13,1,,1,,,,,,,,1,,,,,,,,,,,1,1,,,,,,1,,,1,1,,,,,,,,,1,,,,,,,,,0,0,0,0,1,,,,,,,,
14,1,,,,,,,,,1,,,,,,,,,1,,,1,,,1,,,,1,,1,,1,,,,,,,,,1,,,,,,,,,0,0,0,0,,,,,,,,,
15,,,1,,,,,,,,,,,,,,,,,,1,,,1,,,,1,,1,,,1,,,,,,,,,1,,,,,,,,1,0,1,0,0,,,,,,,,,
16,0,,,,,,1,,,,,,,,,,,,,,,1,1,,,,,1,,1,,,1,,1,,,,,,,1,,,,,,,,,0,0,0,0,,,,,,,,,
17,1,,,,,,,,,,1,,,,,,,,,,,1,1,,,,,,1,,1,,1,,,,,,,,,1,,,,,,,,,0,0,0,0,,,,,,,,,1
18,,,1,,,,,,,,,,,,,,,,,,,1,1,,,,,1,,,1,,1,,,,,,,,,1,,,,,,,,1,0,1,0,1,,,,,,,,,
19,,1,1,,,,,,,,,,,,,,,,,,1,,1,,,,,,1,1,,,,,1,,,,,,,1,,,,,,,,,0,0,0,0,,,1,,,,,,
20,,1,,,,,,,,,,,,,,,,,,,1,,,1,,,,,1,,1,,1,,,,,,,,,1,,,,,,,,1,0,1,0,0,,,,1,,,,,
21,,,,,,1,,,,,,,,,,,,1,,,,1,1,,,,,,1,,1,,1,,,,,,,,,1,,,,,,,,1,0,0,0,1,,,,,,,,,
22,,,1,,,,,,,,,,,,,,,,,,1,,1,,,,,,1,,1,,1,,,,,,,,,1,,,,,,,,,1,0,0,0,,,,,,,,,
23,,,,,,,,,1,,,,,,,,1,,,,,1,,,1,,,1,,,1,,1,,,,,,,,,,,,,,,1,,,0,0,0,0,,,,,,,,,
24,,,1,,,,,,,,,,,,,,,,,,,1,1,,,,,,1,,1,,1,,,,,,,,,1,,,,,,,,1,0,1,0,0,,,,,,,,,
25,,,,,,,,1,,,,,,,,,,1,,,,1,1,,,,,1,,,1,,1,,,,,,,,,1,,,,,,,,1,0,0,0,1,,,,,,,,,
26,,1,,,,,,,,,,,,,,,,,,,,1,,,1,,,1,,,1,,1,,,,,,,,,,,,1,,,,,,0,0,0,0,,,,,,,,,
27,,1,,,,1,,,,,,,,,,,,,,,,1,1,,,,,1,,,1,,1,,,,,,,,,1,,,,,,,1,1,0,0,0,0,,,,,,,,,
28,,,,,,,,,,,,,,1,,,,,,,,1,1,,,,,,1,,1,,1,,,,,,,,,1,,,,,,,,,0,0,1,0,,,,,,,,,
29,,,,,,,1,,,,,,,,,,,,,,,1,1,,,,,,1,,1,,1,,,,,,,,,1,,,,,,,,1,0,1,0,1,,,,,,,,,
30,0,,,1,,,,,,,,,,,,,,,,,,1,1,,,,,1,,,1,,1,,,,,,,,,1,,,,,,,1,,0,0,0,0,,,,,,,,,
31,,1,,,,,,,,,,,,,,,,,,,,1,,,1,,,1,,,1,,1,,,,,,,,,,1,,,,1,,,,0,0,0,0,,,,,,,,,
32,,,1,,,,,,,,,,,,,,,,,,,1,1,,,,,1,,,1,,1,,,,,,,,,1,,,,,,,1,1,0,0,0,0,,,,,,,,,
33,,,1,,,,,,,,,,,,,,,,,,,1,1,,,,,1,,,1,,1,,,,,,,,,1,,,,,,,1,1,0,0,0,0,,,,,,,,,
34,0,,1,,,,,,,,,,,,,,,,,,,1,1,,,,,1,,,1,,1,,,,,,,,,1,,,,,,,1,1,0,0,0,0,,,,,,,,,
35,0,,1,,,,,,1,,,,,,,,1,,,1,,,1,,,,,,1,,1,,1,,,,,,,,,1,,,,,,,,,0,0,0,0,1,,,,,,,,
36,0,,,,,,,,1,,,,,,,,,,,1,,,1,,,,,1,,1,,,1,,,,,,,,,1,,,,,,,,,0,0,0,0,,,,,,,,,
37,,1,1,,,,,,,,,,,,,,,,,1,,,1,,,,,,1,,,1,,1,,,,,,,,,,,,1,,,,,0,0,0,0,,,1,,,,,,
38,,1,1,,,,,,,,,,,,,,,,,,1,,1,,,,,,1,1,,,,,1,,,,,,,1,,,,,,,,,0,0,0,0,,,1,,,,,,
39,,,,,,,,,,,,,,1,,,,,,1,,,1,,,,,1,,,1,,1,,,,,,,,,1,,,,,,,1,1,0,0,0,0,,,,,,,,,
40,,,1,,,,,,,,,,,,,,,,,,1,,,,1,,,1,,,1,,,,1,,,,,,,,1,,,,,,,,0,0,0,0,,,,,,,,,
41,,,,,,,,,,,,,,,,1,,,,,1,,1,,,,,,1,,1,,1,,,,,,,,,1,,,,,,,,,0,0,0,0,,,,,,,,,
42,,,1,,,,,,,,,,,,,,,,,1,,,1,,,,,1,,,1,,1,,,,,,,,,1,,,,,,,,1,0,1,0,0,,,,,,,,,
43,,,,,,,,,1,,,,,,,,1,,,1,,,1,,,,,1,,,1,,1,,,,,,,,,1,,,,,,,,1,0,1,0,0,,,,,,,,,
44,,,,,,,1,,,,,,,,,,,,,1,,,1,,,,,1,,,1,,1,,,,,,,,,1,,,,,,,,1,0,1,0,0,,,,,,,,,
45,0,,,,,,,,,,,,,1,,,,,,1,,,1,,,,,1,,,1,,1,,,,,,,,,,,,,1,,,1,,0,0,0,0,,,,,1,,,,
46,0,1,,,,,,,,,,,,,,,,,,1,,,,,1,,,1,,,1,,,,1,,,,,,,,1,,,,1,1,,,0,0,0,0,,,,,,,,,
47,,1,,,,,,,,,,,,,,,,,,1,,,1,,,,,1,,,1,,1,,,,,,,,,1,,,,,,,,,1,0,0,0,,,,,,,,,
48,0,1,1,,,,,,,,,,,,,,,,,,1,,1,,,,,,1,1,,,,,1,,,,1,,,1,,,,,,,,,0,0,0,0,,,1,,,,,,
49,,1,1,,,,,,,,,,,,,,,,,1,,,1,,,,,1,,,1,,1,,,,,,,,,1,,,,,,,,,0,0,0,0,1,,,,,,,,
50,,,1,,,,,,,,,,,,,,,,,,1,,,,1,,,1,,,1,,1,,,,,,,,,,,,,,1,,,,0,0,0,0,,,,,1,,,,
51,,,,,,,,,,,,1,,,,,,,,,,1,1,,,,,,1,1,,,,,1,,,,,,,1,,,,,,,,,0,0,0,0,,,,,,,,,
52,1,,,,,,,,1,,,,,,,,,,,,,1,1,,,,,,1,1,,,,,1,,,,,,,1,,,,,,,,,0,0,0,0,,,,,,,,,
53,1,,,,,,,,,1,,,,,,,,,,,,1,1,,,,,,1,1,,,,,1,,,,,,,1,,,,,,,,,0,0,0,0,,,,,,,,,
54,,,,,,,,,,,,,,,1,,,,,,,1,1,,,,,,1,1,,,,,1,,,,,,,1,,,,,,,,,0,0,0,0,,,,,,,,,
55,,,,,,,,,,,,1,,,,,,,,,,1,1,,,,,,1,1,,,,,1,,,,,,,1,,,,,,,,,0,0,0,0,,,,,,,,,
56,,1,,,,,,,,,,,,,,,,,,,,1,1,,,,,,1,1,,,,,1,,,,,,,1,,,,,,,,,0,0,0,0,,,,,,,,,
57,0,1,,,,,,,,,,,,,,,,,,,,1,,,,1,,,1,,1,,1,,,,,,,,,,1,,,,1,,,,0,0,0,0,,,,,,,,,
58,,,,,,,,,,,1,,,,,,,,1,,,1,,,,1,,,1,,1,,1,,,,,,,,,,1,,,,1,,,,0,0,0,0,,,,,,,,,
59,,,,,,,,,,,,,,,1,,,,,,,1,,,,1,,,1,,1,,1,,,,,,,,,,1,,,,1,,,,0,0,0,0,,,,,,,,,
60,,1,,,,,,,,,,,,,,,,,,,,1,1,,,,,1,,,1,,1,,,,,,,,,1,,,,,,,,,0,0,0,0,,1,,,,,,,
61,,,1,,,,,,,,,,,,,,,,,,,1,1,,,,,1,,,1,,1,,,,,,,,,1,,,,,,,,,0,0,0,0,,1,,,,,,,
62,,,,,,,,,,1,,,,,,,,,,,,1,,,,1,,1,,,1,,1,,,,,,,,,1,,,,,,,,,0,0,0,0,,1,,1,,,,,
63,,,,,1,,,,,,,,,,,,,,,,,1,,,,1,,1,,,1,,1,,,,,,,,,1,,,,,,,,,0,0,0,0,,1,,1,,,,,
64,1,,,,,,,,,,,,,,1,,,,,,,1,,,,1,,1,,,1,,1,,,,,,,,,1,,,,,,,,,0,0,0,0,,1,,1,,,,,
65,,,,,,,,,1,,,,,,,,,,,,,1,,,,1,,1,,,1,,1,,,,,,,,,1,,,,,,,,,0,0,0,0,,1,,1,,,,,
66,,,1,,,,,,,,,,,,,,,,,,,1,,,,1,,1,,,1,,1,,,,,,,,,1,,,,,,,,,0,0,0,0,,1,,1,,,,,
67,,,,,,,,,,,1,,,,,,,,,,,1,,,,1,,1,,,1,,1,,,,,,,,,1,,,,,,,,,0,0,0,0,,1,,1,,,,,
68,,1,1,,,,,,,,,,,,,,,,,,,1,,,,1,,,1,,,1,1,,,,,,,,,1,,,,,,,,,0,0,0,0,1,,,,,,,,
69,,1,1,,,,,,,,,,,,,,,,,,,1,,,,1,,,1,,,1,1,,,,,,,,,1,,,,,,,,,0,0,0,0,1,,,,,,,,
70,,1,,,,,,,,1,,,,,,,,,,,,1,,,,1,,,1,,,1,1,,,,,,,,,1,,,,,,,,,0,0,0,0,1,,,,,,,,
71,,,1,,,,,,,,,,,,,1,,,,,,1,,,,1,,,1,,,1,1,,,,,,,,,1,,,,,,,,,0,0,0,0,1,,,,,,,,
72,0,,1,,,,1,,,,,,,,,,,,,,,1,,,,1,,,1,,,1,1,,,,,,,,,1,,,,,,,,,0,0,0,0,1,,,,,,,,
73,,,,,,,,,,,,1,,1,,,,,,,,1,,,,1,,,1,,,1,1,,,,,,,,,1,,,,,,,,,0,0,0,0,1,,,,,,,,
74,,,,,,,,,1,,,,,,,,,,,,,1,,,,1,,1,,,1,,,,,1,,,,,,1,,,,,,,,,0,0,0,0,,,,1,,,1,,
75,,,,,,,,,,,,1,,,,,,,,,,1,,,,1,,1,,,1,,,,,1,,,,,,1,,,,,,,,,0,0,0,0,,,,1,,,1,,
76,,,,,,1,,,,,,,,,,,,,1,,,1,,,,1,,1,,,1,,,,,1,,,,,,1,,,,,,,,,0,0,0,0,,,,1,,,1,,
77,1,1,,,,,,,,,,,,,,,,,,,,1,,,,1,,1,,,1,,,,,1,,,,,,1,,,,,,,,,0,0,0,0,,,,1,,,1,,
78,,,,,,,,1,,,,,,,,,,,,,,1,,,,1,,1,,,1,,,,,1,,,,,,1,,,,,,,,,0,0,0,0,,,,1,,,1,,
79,,1,,,,,,,,,,,,,,,,,,,,1,,,,1,,1,,,1,,1,,,,1,,,,,1,,,,,,,,,0,0,0,0,,,,,,,,,
80,,1,,,,,,,,,,,,,,,,,,,,1,,,,1,,1,,,1,,1,,,,1,,,,,,,,,,,1,,,0,0,0,0,,,,,,,,,
81,,,,,,,,,,,,,,,1,,,,,,,1,,,,1,,1,,,1,,1,,,,1,,,,,,,,,,,1,,,0,0,0,0,,,,,,,,,
82,,,,,,,,,,,1,,,,,,,,,,,1,,,,1,,1,,,1,,1,,,,1,,,,,,,,,,,1,,,0,0,0,0,,,,,,,,,
83,1,,,,,,,,1,,,,,,,,,,,,,1,,,,1,,1,,,1,,1,,,,1,,,,,,,,,,,1,,,0,0,0,0,,,,,,,,,
84,1,,,1,,,,,,,,,,,,,,,,,,1,,,,1,,1,,,1,,1,,,,1,,,,,,,,,,,1,,,0,0,0,0,,,,,,,,,
85,,1,1,,,,,,,,,,,,,,,,,,,1,1,,,,,1,,,1,,1,,,,,,,,,1,,,,,,,,,0,0,0,0,,,1,,,,,,
86,,,1,,,,,,1,,,,,,,,,,,,,1,1,,,,,1,,,1,,1,,,,,,,,,1,,,,,,,,,0,0,0,0,,,1,,,,,,
87,,,1,,1,,,,,,,,,,,,,,,,,1,1,,,,,1,,,1,,1,,,,,,,,,1,,,,,,,,,0,0,0,0,,,1,,,,,,
88,,,,,,,,,,1,,,,,,,,,,1,,,,,,1,,1,,,1,,1,,,,,,,,,,,,,1,,,,,0,0,0,0,,,,,,,,1,
89,0,,1,,,,,,1,,,,,,,,,,,1,,,,,,1,,1,,,1,,1,,,,,,,,,,,,,1,,,,,0,0,0,0,1,,,,,,,1,
90,,,,,,,,,1,,,,,,,,,,,1,,,,,,1,,1,,,1,,1,,,,,,,,,,,,,1,,,,,0,0,0,0,,,,,,,,1,
91,,1,,,,,,,,,,,,,,,,,,1,,,,,,1,,1,,,1,,1,,,,,,,,,,,,,1,,,,,0,0,0,0,,,,,,,,1,
92,,1,,,,,,,,,,,,,,,,,,1,,,1,,,,,1,,,1,,1,,,,,,,,,1,,,,,,,,,0,0,0,0,,,,,,,,,
93,,,,,,,,,,,,,,1,,,,,,1,,,1,,,,,1,,,1,,1,,,,,,,,,1,,,,,,,,,0,0,0,0,,,,,,,,,
94,0,,,,,1,,,,,,,,,,,,,,1,,,1,,,,,1,,,1,,1,,,,,,,,,1,,,,,,,,,0,0,0,0,,,,,,,,,
95,,,,,1,,,,,,,,,,,,,,,1,,,1,,,,,1,,,1,,1,,,,,,,,,1,,,,,,,,,0,0,0,0,,,,,,,,,
96,,,,,,,,,,1,,,,,,,,,,1,,,1,,,,,1,,,1,,1,,,,,,,,,1,,,,,,,,,0,0,0,0,,,,,,,,,
97,,1,,,,,,,,,,,,,,,,,,1,,,,,,1,,1,,,1,,,,1,1,,,,,,,,,1,,,,,,0,0,0,0,,,,,,,,,
98,,,,,,,,,,,,1,,,,,,,,1,,,,,,1,,1,,,1,,,,1,1,,,,,,,,,1,,,,,,0,0,0,0,,,,1,,,,,
99,0,,,1,,,,,,,,,,,,,,,,1,,,,,,1,,1,,,1,,,,1,1,,,,,,,,,1,,,,,,0,0,0,0,,,,,,,,,
100,,,,,,,,,,,,,,,1,,,,,1,,,,,,1,,1,,,1,,,,1,1,,,,,,,,,1,,,,,,0,0,0,0,,,,,,,,,
101,0,,,,1,,,,,,,,,,,,,,,1,,,1,,,,,,1,,1,,1,,,,,,,,,,,,1,,,,,,0,0,0,0,,,,,,,,,
102,1,1,,,,,,,,,,,,,,,,,,1,,,1,,,,,,1,,1,,1,,,,,,,,,,,,1,,,,,,0,0,0,0,,,,,,,,,
103,0,,,,,,,1,,,,,,,,,,1,,1,,,1,,,,,1,,,1,,1,,,,,,,,,1,,,,,,,,,0,1,0,0,,,,,,,,1,
104,,,,,,,,1,,,,,,,,,,,,1,,,1,,,,,1,,,1,,1,,,,,,,,,1,,,,,,,,,0,1,0,0,,,,,,,,1,
105,,,,,,,,,,1,,,,,,,,,,1,,,1,,,,,1,,,1,,1,,,,,,,,,1,,,,,,,,,0,1,0,0,,,,,,,,1,
106,,,,1,,,,,,,,,,,,,,,,1,,,1,,,,,1,,,1,,1,,,,,,,,,1,,,,,,,,,0,1,0,0,,,,,,,,1,
107,,1,,,,,,,,,,,,,,,,,,1,,,1,,,,,1,,,1,,1,,,,,,,,,1,,,,,,,,,0,1,0,0,,,,,,,,1,
108,,,,,,,,,1,,,,,,,,,,,1,,,1,,,,,1,,,1,,1,,,,,,,,,1,,,,,,,1,,0,0,0,0,,,,,,,,1,
109,,,,,,,,,,,,,,,,1,,,,1,,,1,,,,,1,,,1,,1,,,,,,,,,1,,,,,,,1,,0,0,0,0,,,,,,,,1,
110,,1,,,,,,,,,,,,,,,,,,,,1,1,,,,,1,,,1,,1,,,,,,,,,1,,,,,,,,,0,1,0,0,,,,,,,,,
111,1,,1,,,,,,,,,,,,,,,,,,,1,1,,,,,1,,,1,,1,,,,,,,,,1,,,,,,,,,0,1,0,0,,,,,,,,,
112,,,1,,,,,1,,,,,,,,,,,,,,1,,,,1,1,,,1,,,1,,,,,,,,,1,,,,,,,,,0,0,0,0,1,,,,,,,,
113,,,1,,,,,,,,,,,,,,,,,,,1,1,,,,,1,,,1,,1,,,,,,,,,1,,,,,,,,,1,0,1,0,,,,,,,,,
114,,,1,,,,,,,,,,,,,,,,,,,1,,,1,,,1,,1,,,,,1,1,,,,,,,,,,,,1,,,0,0,0,0,,,,,,,,,
115,,,,,,,,,,,,,,1,,,,,,,,1,,,1,,,1,,1,,,,,1,1,,,,,,,,,,,,1,,,0,0,0,0,,,,,,,,,
116,,1,,,,,,,,,,,,,,,,,,,,1,1,,,,,1,,,1,,1,,,,,,,,,1,,,,,,,,,1,0,0,0,,,,,,,,,
117,,,1,,,,,,,,,,,,,,,,,,,1,1,,,,,1,,,1,,1,,,,,,,,,1,,,,,,,,1,0,,0,0,,,,,,,,,
118,,,,,,1,,,,,,,,,,,,,,,,1,1,,,,,1,,1,,,1,,,,,,,,,1,,,,,,,,,0,0,1,,,,,,,,,,
119,,1,,,,,,,,,,,,,,,,,,,,1,1,,,,,1,,1,,,1,,,,,,,,,1,,,,,,,,,0,0,1,,,,,,,,,,
120,0,,1,,,,,,,,,,,,,,,,,,,1,1,,,,,1,,1,,,1,,,,,,,,,1,,,,,,,,,0,0,1,,,,,,,,,,
121,,1,,,,,,,,,,,,,,,,,,,,1,,,,1,,,1,,1,,1,,1,,,,,,,,,,,,,1,,,0,0,0,0,,,,,,,,,
122,1,,1,,,,,,,,,,,,,,,,,,,1,1,,,,,1,,,1,,1,,,,,,,,,1,,,,,,,,1,0,1,0,0,,,,,,,,,
123,,,,,,,,,1,,,,,,,,,,,,,1,1,,,,,1,,,1,,1,,,,,,,,,1,,,,,,,,1,0,1,0,0,,,,,,,,,
124,,1,,,,,,,,,,,,,,,,,,,,1,1,,,,,,1,,1,,1,,,,,,,,,1,,,,,,,,,1,0,0,0,,,,,,,,,
125,,,,1,,,,,,,,,,,,,,,,,,1,1,,,,,1,,,1,,1,,,,,,,,,1,,,,,,,,,1,0,0,0,,,,,,,,,
126,,,,,,,,1,,,,,,,,,,1,,,,1,,,,1,,1,,,1,,1,,,,1,,1,,,,1,,,,,,,,0,0,0,0,,,,,,,,,
127,,,,,,,,1,,,,,,,,,,1,,,,1,,,1,,,1,,1,,,1,,,,,,,,,1,,,,,,,,,,0,1,0,,,,,,,,,
128,,,,,,,,,1,,,,,,,,,,,,,1,,,1,,,1,,1,,,1,,,,,,,,,1,,,,,,,,,,0,1,0,,,,,,,,,
129,,,,,,,,,,1,,,,,,,,,,,,1,,,1,,,1,,1,,,1,,,,,,,,,1,,,,,,,,,,0,1,0,,,,,,,,,
130,,,,,,,,1,,,,,,,,,,,,,,1,,,1,,,1,,1,,,1,,,,,,,,,1,,,,,,,,,,0,1,0,,,,,,,,,
131,,,1,,,,,,,,,,,,,,,,,,,1,,,1,,,1,,1,,,1,,,,,,,,,1,,,,,,,,,,0,1,0,,,,,,,,,
132,,,1,,,,,,,,,,,,,,,,,,,1,,,1,,,1,,1,,,1,,,,,,,,,1,,,,,,,,,,0,1,0,,,,,,,,,
133,,,,,,1,,,,,,,,,,,,,,,,1,,,1,,,1,,1,,,1,,,,,,,,,1,,,,,,,,,,0,1,0,,,,,,,,,
134,,,,,,,1,,,,,,,,,,,,,,,1,,,1,,,1,,1,,,1,,,,,,,,,1,,,,,,,,,,0,1,0,,,,,,,,,
135,,,,,,,,,,1,,,,,,,,,,,,1,,,1,,,1,,1,,,1,,,,,,,,,1,,,,,,,,,,0,1,0,,,,,,,,,
136,1,,,,,,,,,1,,,,,,,,,1,,,1,,,1,,,1,,1,,,1,,,,,,,,,1,,,,,,,,,,0,1,0,,,,,,,,,
137,1,,,,,,,,,,1,,,,,,,,1,,,1,,,1,,,1,,1,,,1,,,,,,,,,1,,,,,,,,,,0,1,0,,,,,,,,,
138,,,,,,,,,1,,,,,,,,1,,,,,1,1,,,,,1,,1,,,1,,,,,,,,,,,,,1,,,,,0,0,0,0,,,,,1,,,,
139,,,,,,,,1,,,,,,,,,,,,,,1,1,,,,,1,,1,,,1,,,,,,,,,,,,,1,,,,,0,0,0,0,,,,,1,,,,
140,,,,,,1,,,,,,,,,,,,,,1,,,,1,,,,,1,1,,,1,,,,,,,,,1,,,,,,,,,0,0,0,0,,,,,,,,,
141,,,,,,,,1,,,,,,,,,,1,,1,,,,1,,,,,1,1,,,1,,,,,,,,,1,,,,,,,,,0,0,0,0,,,,,,,,,
142,,1,,,,,,,,,,,,,,,,,,1,,,,1,,,,,1,1,,,1,,,,,,,,,1,,,,,,,,,0,0,0,0,,,,,,,,,
143,,,1,,,,,,,,,,,,,,,,,,,1,1,,,,,1,,1,,,1,,,,,,,,,1,,,,,,,1,,0,0,0,0,,,,,,,,,
144,1,1,,,,,,,,,,,,,,,,,,,,1,1,,,,,1,,1,,,1,,,,,,,,,1,,,,,,,1,,0,0,0,0,,,,,,,,,
145,,1,,,,,,,,,,,,,,,,,,,1,,,,1,,,1,,,1,,1,,,,,,,,,,,,,,1,,,,0,0,0,0,,,,,1,,,,
146,,,1,,,,,,,,,,,,,,,,,,1,,,,1,,,1,,,1,,1,,,,,,,,,,,,,,1,,,,0,0,0,0,,,,,1,,,,
147,0,,,,,,,1,,,,,,,,,,1,,1,,,,1,,,,,1,1,,,1,1,,,,,,,,1,,,,,,,,,0,0,0,0,,,,,,,,,
148,,,,,,,,,,,1,,,,,,,,1,1,,,,1,,,,,1,1,,,1,1,,,,,,,,1,,,,,,,,,0,0,0,0,,,,,,,,,
149,,,,,,,,,,,,,,1,,,,,,1,,,,1,,,,,1,1,,,1,1,,,,,,,,1,,,,,,,,,0,0,0,0,,,,,,,,,
150,,,,,,,,1,,,,,,,,,,,,1,,,,1,,,,,1,1,,,1,1,,,,,,,,1,,,,,,,,,0,0,0,0,,,,,,,,,
151,0,,,,,1,,,,,,,,,,,,,,1,,,,1,,,,,1,1,,,1,1,,,,,,,,1,,,,,,,,,0,0,0,0,,,,,,,,,
152,0,1,,,,,,,,,,,,,,,,,,1,,,,1,,,,,1,1,,,1,1,,,,,,,,1,,,,,,,,,0,0,0,0,,,,,,,,,
153,,,,,1,,,,,,,,,,,,,,,,,1,,,1,,,1,,1,,,,,1,,,,,,,,1,,,,1,,,,0,0,0,0,,,,,,,,,
154,,,,,,,,,1,,,,,,,,1,,,,,1,,,1,,,1,,1,,,,,1,,,,,,,,1,,,,1,,,,0,0,0,0,,,,,,,,,
155,,,,,,,,1,,,,,,,,,,,,,,1,1,,,,,1,,1,,,1,,,,,,,,,1,,,,,,,,,0,0,0,0,,,,,,,,,
156,,,,,,,,,1,,,,,,,,,,,,,1,1,,,,,1,,1,,,1,,,,,,,,,1,,,,,,,,,0,0,0,0,,,,,,,,,
157,,,,,,,1,,,,,,,,,,,,,,,1,1,,,,,1,,1,,,1,,,,,,,,,1,,,,,,,,,0,0,0,0,,,,,,,,,
158,,,,,,,,,,,,,1,,,,,,1,,,1,1,,,,,1,,1,,,1,,,,,,,,,1,,,,,,,,,0,0,0,0,,,,,,,,,
159,0,,,,,,,1,,,,,,,,,,,1,,,1,,,1,,,1,,1,,,1,,1,,,,,,,,,,,,,1,,,0,0,0,0,,,,,,,,,
160,,,,,,,,,,,,,,1,,,,,,,,1,,,1,,,1,,1,,,1,,1,,,,,,,,,,,,,1,,,0,0,0,0,,,,,,,,,
161,,,,,,,,,1,,,,,,,,,,,,,1,1,,,,,1,,1,,,1,,,,,,,,,1,,,,,,,,1,0,0,0,0,,,,,,,,,
162,,,,,1,,,,,,,,,,,,,,,,,1,1,,,,,1,,1,,,1,,,,,,,,,1,,,,,,,,1,0,0,0,0,,,,,,,,,
163,,,,,,1,,,,,,,,,,,,,1,,,1,1,,,,,,1,1,,,1,1,1,,,,,,,1,,,,,,,,,0,0,0,0,,,,,,,,,
164,,,,,,,,1,,,,,,,,,,,1,,,1,1,,,,,,1,1,,,1,1,1,,,,,,,1,,,,,,,,,0,0,0,0,,,,,,,,,
165,0,,,,,,,,,1,,,,,,,,,1,,,1,1,,,,,,1,1,,,1,1,1,,,,,,,1,,,,,,,,,0,0,0,0,,,,,,,,,
166,,,,,,,,,,,,1,,,,,,,1,,,1,1,,,,,,1,1,,,1,1,1,,,,,,,1,,,,,,,,,0,0,0,0,,,,,,,,,
167,0,,,,,,,,1,,,,,,,,,,,,,1,1,,,,,,1,1,,,1,1,1,,,,,,,1,,,,,,,,,0,0,0,0,,,,,,,,,
168,,,,,,,,,,,,,,1,,,,,,,,1,1,,,,,,1,1,,,1,1,1,,,,,,,1,,,,,,,,,0,0,0,0,,,,,,,,,
169,1,1,,,,,,,,,,,,,,,,,,,,1,1,,,,,,1,1,,,1,1,1,,,,,,,1,,,,,,,,,0,0,0,0,,,,,,,,,
170,,1,,,,,,,,,,,,,,,,,,,,1,,,1,,,1,,,1,,1,,,,,,,,,1,,,,,,,,,0,0,1,,,,,,,,,,
171,0,,,,,,1,,,,,,,,,,,,,,,1,,,1,,,1,,,1,,1,,,,,,,,,1,,,,,,,,,0,0,1,,,,,,,,,,
172,0,,1,,,,,,,,,,,,,,,,,,,1,,,1,,,1,,,1,,1,,,,,,,,,1,,,,,,,,,0,0,1,,,,,,,,,,
173,,1,,,,,,,,,,1,,,,,,,,,,1,1,,,,,,1,1,,,,1,1,,,,,,,1,,,,,,,,,0,0,0,0,1,,,,,,,,
174,1,1,1,,,,,,,,,,,,,,,,,,,1,1,,,,,,1,1,,,,1,1,,,,,,,1,,,,,,,,,0,0,0,0,1,,,,,,,,
175,,1,,,,,1,,,,,,,,,,,,,,,1,1,,,,,,1,1,,,,1,1,,,,,,,1,,,,,,,,,0,0,0,0,1,,,,,,,,
176,0,,,,,,,1,,,,,,,,,,,1,,,1,,,1,,,,1,1,,,,1,,1,1,,,,,,,,,,,1,,,0,0,0,0,,,,,,,,,
177,0,,1,,,,,,,,,,,,,,,,,,,1,,,1,,,,1,1,,,,1,,1,1,,,,,,,,,,,1,,,0,0,0,0,,,,,,,,,
178,,,,,,,,,1,,,,,,,,1,,,,1,,,,1,,,1,,,1,,1,,,,,,,,,1,,,,,,,,,0,0,0,0,,,,,,,,,
179,0,,1,,,,,,,,,,,,,,,,,,1,,1,,,,,1,,,1,,1,,,,,,,,,1,,,,,,,,,0,0,0,0,,,,,,,,,
180,,,,,1,,,,,,,,,,,,,,1,,1,,1,,,,,1,,,1,,1,,,,,,,,,1,,,,,,,,,0,0,0,0,,,,,,,,,
181,,,,1,,,,,,,,,,,,,,,,,1,,1,,,,,1,,,1,,1,,,,,,,,,1,,,,,,,,,0,0,0,0,,,,,,,,,
182,,,,,,,1,,,,,,,,,,,,,1,,,1,,,,,1,,1,,,1,,,,,,,,,1,,,,,,,,1,0,0,0,0,,,,,,,,,
183,,,,,,,,,1,,,,,,,,,,,1,,,1,,,,,1,,1,,,1,,,,,,,,,1,,,,,,,,1,0,0,0,0,,,,,,,,,
184,,,,,,,,,,,,,,1,,,,,,1,,,,,1,,,1,,1,,,,,1,1,,,,,,,1,,,,,,,,0,0,0,0,,,,,,,,,
185,1,,1,,,,,,,,,,,,,,,,,1,,,,,1,,,1,,1,,,,,1,1,,,,,,,1,,,,,,,,0,0,0,0,,,,,,,,,
186,1,,,,,,,,,1,,,,,,,,,1,1,,,,1,,,,1,,1,,,,,1,,,,,,,1,,,,,,,,,0,0,0,0,,,,,,,,,
187,,,,,,,,,,,,1,,,,,,,,1,,,,1,,,,1,,1,,,,,1,,,,,,,1,,,,,,,,,0,0,0,0,,,,,,,,,
188,,1,,,,,,,,,,,,,,,,,,1,,,,1,,,,1,,1,,,,,1,,,,,,,1,,,,,,,,,0,0,0,0,,,,,,,,,
189,,,1,,,,,,,,,,,,,,,,,,,1,,,1,,,1,,,1,,,,1,,,,1,,,1,,,,,,,,,0,0,0,0,,,,,,,,,
190,1,1,,,,,,,,,,,,,,,,,,,,1,,,1,,,1,,,1,,,,1,,,,1,,,1,,,,,,,,,0,0,0,0,,,,,,,,,
191,1,,,,,,,,,,,,,1,,,,,,,,1,,,1,,,1,,,1,,,,1,,,,1,,,1,,,,,,,,,0,0,0,0,,,,,,,,,
192,,,1,,,,,,,,,,,,,,,,,,,1,,,1,,,1,,,1,,,,1,1,,,1,,,,,,,,1,,,,0,0,0,0,,,,,1,,,,
193,,,,,,,,,1,,,,,,,,1,,,,,1,,,1,,,1,,,1,,,,1,1,,,1,,,,,,,,1,,,,0,0,0,0,,,,,1,,,,
194,,1,,,,,,,,,,,,,,,,,,,,1,,,1,,,1,,,1,,,,1,1,,,1,,,,,,,,1,,,,0,0,0,0,,,,,1,,,,
195,,,,,,,,,1,,,,,,,,,,,,,1,1,,,,,1,,,1,,1,,,,,,,,,1,,,,,,,,,,1,1,0,,,,,,,,,
196,0,1,,,,,,,,,,,,,,,,,,,,1,1,,,,,1,,,1,,1,,,,,,,,,1,,,,,,,,,,1,1,0,,,,,,,,,
197,,,,,,,1,,,,,,,,,,,,,,,1,1,,,,,1,,,1,,1,,,,,,,,,1,,,,,,,,,,1,1,0,,,,,,,,,
198,1,,,1,,,,,,,,,,,,,,,,,1,,,,1,,,1,,,1,,1,,,,,,,,,1,,,,,,,,,0,0,0,0,,,,,,,,,
199,,,1,,,,,,,,,,,,,,,,,,1,,,,1,,,1,,,1,,1,,,,,,,,,1,,,,,,,,,0,0,0,0,,,,,,,,,
200,,,,,,,,,1,,,,,,,,,,,,1,,,,1,,,1,,,1,,1,,,,,,,,,1,,,,,,,,,0,0,0,0,,,,,,,,,
201,,,,,,,,1,,,,,,,,,,,,,1,,,,1,,,1,,,1,,1,,,,,,,,,1,,,,,,,,,0,0,0,0,,,,,,,,,
202,0,,,,,,,,,,,,,1,,,,,,,1,,,,1,,,1,,,1,,1,,,,,,,,,1,,,,,,,,,0,0,0,0,,,,,,,,,
203,,1,,,,,,,,,,,,,,,,,,,1,,,,1,,,1,,,1,,1,,,,,,,,,1,,,,,,,,,0,0,0,0,,,,,,,,,
204,,,,,,,,1,,,,,,,,,,,,,1,,,,1,,,1,,,1,,1,,,,,,,,,1,,,,,,,,,0,0,0,0,,,,,,,,,
205,,,,,,,,,,,,,1,,,,,,,,1,,,,1,,,1,,,1,,1,,,,,,,,,1,,,,,,,,,0,0,0,0,,,,,,,,,
206,0,,1,,,,,,,,,,,,,,,,,,1,,1,,,,,1,,,1,,1,,,,,,,,,1,,,,,,,,,1,0,0,0,,,,,,,,,
207,,1,,,,,,,,,,,,,,,,,,,1,,1,,,,,1,,,1,,1,,,,,,,,,1,,,,,,,,,1,0,0,0,,,,,,,,,
208,,,1,1,,,,,,,,,,,,,,,,,1,,1,,,,,1,,,,1,1,,,,,,,,,1,,,,,,,,,0,0,0,0,,1,1,,,,,,
209,,,,1,,,,1,,,,,,,,,,,1,,1,,1,,,,,1,,,,1,1,,,,,,,,,1,,,,,,,,,0,0,0,0,,1,1,,,,,,
210,,,1,,,,,,,,,,,,,,,,,,1,,,,1,,,1,,,1,,,,1,1,,,1,,,,,,,,1,,,,0,0,0,0,,,,,1,,,,
211,,1,,,,,,,,,,,,,,,,,,,1,,,,1,,,1,,,1,,,,1,1,,,1,,,,,,,,1,,,,0,0,0,0,,,,,1,,,,
212,1,,,,,,,,,,,,,1,,,,,,,1,,,,1,,,1,,,1,,,,1,1,,,1,,,,,,,,1,,,,0,0,0,0,,,,,1,,,,
213,,,1,,,,,,,,,,,,,,,,,,1,,1,,,,,1,,,,1,1,,,,,,,,,1,,,,,,,,,1,1,0,0,,,,,,,,,
214,1,,1,,,,,,,,,,,,,,,,,,1,,1,,,,,1,,,1,,1,,,,,,,,,1,,,,,,,,1,0,,0,0,,,,,,,,,
215,,,,,,,,1,,,,,,,,,,1,,,1,,1,,,,,,1,,1,,1,,,,,,,,,1,,,,,,,,1,0,,0,0,,,,1,,,,,
216,1,,,,,,,,,,,,,1,,,,,,,,1,,,1,,,1,,,1,,1,,,,,,,,,1,,,,,,,,,,1,0,0,,,,,,,,,
217,0,,,1,,,,,,,,,,,,,,,,,,1,,,1,,,1,,1,,,1,,,,,,,,,1,,,,,,,,1,0,0,0,0,,1,,,,,,,
218,,1,,,,,,,,,,,,,,,,,,,,1,,,1,,,1,,1,,,1,,,,,,,,,1,,,,,,,,1,0,0,0,0,,1,,,,,,,
219,0,,,,,,,,1,,,,,,,,,,,,,1,,,1,,,1,,1,,,1,,,,,,,,,1,,,,,,,,1,0,0,0,0,,1,,,,,,,
220,,,,,1,,,,,,,,,,,,,,,,,1,,,1,,,1,,1,,,1,,,,,,,,,1,,,,,,,,1,0,0,0,0,,1,,,,,,,
221,0,1,1,,,,,,,,,,,,,,,,,,,1,,,1,,1,,,,1,,1,,,,,,,,,1,,,,,,,1,,0,0,0,0,1,,,,,,,,
222,,,,,,,,,1,,,,,,,,,,,,,1,1,,,,,1,,,1,,1,,,,,,,,,,,,,1,,,,,0,0,0,0,,,,,1,,,,
223,,,1,,,,,,,,,,,,,,,,,,,1,1,,,,,1,,,1,,1,,,,,,,,,1,,,,,,,,,1,0,0,0,,,,,,,,,
224,1,,,,,,,1,,,,,,,,,,,,,,1,1,,,,,1,,,1,,1,,,,,,,,,1,,,,,,,,,0,1,0,0,,,,,,,,,
225,,,,,,,,,,,,,,1,,,,,,,,1,1,,,,,1,,,1,,1,,,,,,,,,,,,,,,1,,,0,0,0,0,,,,,,,,,
226,0,,1,,,,,,,,,,,,,,,,,1,,,,,1,,,1,,,1,,1,1,,,,,,,,,1,,,,1,,,,0,0,0,0,,,,,,,,,
227,,,,,,,,,,,,,,,,1,,,,,1,,1,,,,,1,,,1,,1,,,,,,,,,1,,,,,,,,,0,0,0,0,,,,,,,,,
228,,1,,,,,,,,,,,,,,,,,,1,,,,,1,,,1,,,1,,,,1,1,,,1,,,,,,,,1,,,,0,0,0,0,,,,,1,,,,
229,,,1,,,,,,,,,,,,,,,,,1,,,,,1,,,1,,1,,,,,1,,,,,,,1,,,,,,,,,0,0,0,0,,,,,,,,,
230,,1,1,,,,,,,,,,,,,,,,,1,,,1,,,,,1,,,1,,1,,,,,,,,,1,,,,,,,,,0,0,0,0,1,,,,,,,,
231,0,,1,,,,,,1,,,,,,,,,,,1,,,1,,,,,1,,,1,,1,,,,,,,,,1,,,,,,,,,0,0,0,0,1,,,,,,,,
232,,,1,,,,,,,,,,,,,,,,,1,,,,1,,,,,1,,1,,,,1,,,,,,,1,,,,,,,,,0,0,0,0,,,,,,,,,
233,0,,,,,,,1,,,,,,,,,,,,1,,,,1,,,,1,,,1,,1,,,,,,,,,1,,,,,,,,,0,0,0,0,,,,1,,,,,
234,0,,,1,,,,,,,,,,,,,,,,1,,,,1,,,,1,,,1,,1,,,,,,,,,1,,,,,,,,,0,0,0,0,,,,1,,,,,
235,,,,,,,,,,,,,,1,,,,,,,,1,,,1,,,1,,,1,,,1,,,,,,,,,,,,1,,,,,0,0,0,0,,,,,1,,,,
236,0,1,,,,,,,,,,,,,,,,,,,1,,1,,,,,1,,,1,,1,,,,,,,,,1,,,,,,,1,,0,0,0,0,,,,,,,,,
237,,,,,,,,,1,,,,,,,,1,,,,1,,1,,,,,1,,,1,,1,,,,,,,,,1,,,,,,,1,,0,0,0,0,,,,,,,,,
238,,,,,,,,,,,,,,1,,,,,,,1,,1,,,,,1,,,1,,1,,,,,,,,,1,,,,,,,1,,0,0,0,0,,,,,,,,,
239,,,,,,,,,,,,,1,,,,,,,,1,,1,,,,,1,,,1,,1,,,,,,,,,1,,,,,,,1,,0,0,0,0,,,,,,,,,
240,,,1,,,,,,,,,,,,,,,,,,1,,1,,,,,1,,,1,,1,,,,,,,,,1,,,,,,,1,,0,0,0,0,,,,,,,,,
241,,,,,,,,,1,,,,,,,,1,,,,1,,,,1,,,1,,,1,,,,1,,,,,,,1,,,,,,,,,0,0,0,0,,,,,,,,,
242,,,1,,,,,,,,,,,,,,,,,,1,,,,1,,,1,,,1,,,,1,,,,,,,1,,,,,,,,,0,0,0,0,,,,,,,,,
243,,,,,,,,,,,1,,,,,,,,,,1,,,,1,,,1,,,1,,,,1,,,,,,,1,,,,,,,,,0,0,0,0,,,,,,,,,
244,0,,,,,,,,,,,,1,,,,,,1,,1,,,,1,,,1,,,1,,,,1,,,,,,,1,,,,,,,,,0,0,0,0,,,,,,,,,
245,,1,,,,,,,,,,,,,,,,,,,,1,,,1,,,1,,,1,,1,,,,,,,,,1,,,,,,,,1,0,1,0,0,,,,,,,,,
246,0,1,,,,,,,,,,,,,,,,,,,,1,1,,,,,1,,,1,,1,,,,,,,,,1,,,,,,,,,1,0,0,0,,,,,,,,,
247,,,,,,,,,1,,,,,,,,,,,,1,,,1,,,,1,,,1,,1,,,,,,,,,1,,,,,,,,,0,0,0,0,,,,,,,,,
248,,,1,,,,,,,,,,,,,,,,,,1,,,1,,,,1,,,1,,1,,,,,,,,,1,,,,,,,,,0,0,0,0,,,,,,,,,
249,,,,,,1,,,,,,,,,,,,,,,1,,,1,,,,1,,,1,,1,,,,,,,,,1,,,,,,,,,0,0,0,0,,,,,,,,,
250,,1,,,,,,,,,,,,,,,,,,,,1,1,,,,,1,,,1,,1,,,,,,,,,1,,,,,,,,1,0,0,0,0,,,,,,,,,
251,1,1,,,,,,,,,,,,,,,,,,,,1,,,1,,,1,,,1,,,,1,,,,,,,1,,,,,,,,,1,0,0,0,,,,,,,,,
252,,,1,,,,,,,,,,,,,,,,,,,1,,,1,,,1,,,1,,,,1,,,,,,,1,,,,,,,,,1,0,0,0,,,,,,,,,
253,,,1,,,,,,,,,,,,,,,,,,,1,,,1,,,1,,,1,,1,,,,,,,,,1,,,,,,,,,0,0,,1,,,,,,,,,
254,1,1,,,,,,,,,,,,,,,,,,,,1,,,1,,,1,,,1,,1,,,,,,,,,1,,,,,,,,1,0,0,0,,,,,,,,,,
255,0,,1,,,,,,,,,,,,,,,,,,1,,,,1,,,1,,,1,,,,1,,,,,,,,1,,,,,,,,0,0,0,0,,,,,,,,,
256,,1,,,,,,,,,,,,,,,,,,,1,,,,1,,,1,,,1,,,,1,,,,,,,,1,,,,,,,,0,0,0,0,,,,,,,,,
257,,1,,,,,,,,,,,,,,,,,,,,1,,,1,,,1,,,,1,1,,,,,,,,,,,,,1,,,,1,0,0,0,0,,,,,1,,,,
258,,,1,,,,,,,,,,,,,,,,,,,1,1,,,,,,1,,1,,1,,,,,,,,,1,,,,,,,,,1,0,0,0,,,,,,,,,
259,,1,,,,,,,,,,,,,,,,,,,,1,1,,,,,,1,,1,,1,,,,,,,,,1,,,,,,,,,1,0,0,0,,,,,,,,,
260,,,,,,,,1,,,,,,,,,,1,,,,1,1,,,,,,1,,1,,1,,,,,,,,,1,,,,,,,,1,0,1,0,,,,,,,,,,
261,0,,1,,,,,,,,,,,,,,,,,,1,,1,,,,,,1,,1,,1,,,,,,,,,1,,,,,,,,1,0,0,0,1,,,,,,,,,
262,,1,,,,,,,,,,,,,,,,,,,,1,1,,,,,,1,,1,,,,1,,,,,,,,1,,,,,,,,0,0,0,0,,,,,,,,,
263,,1,,,,,,,,,,,,,,,,,,,,1,1,,,,,,1,,1,,1,,,,,,,,,1,,,,,,,,,1,0,,0,,,,,,,,,
264,,,,,1,,,,,,,,,,,,,,,,,1,,1,,,,,1,,1,,1,,,,,,,,,1,,,,,,,,1,0,0,0,1,,,,,,,,,
265,,1,,,,,,,,,,,,,,,,,,,,1,,1,,,,,1,,1,,1,,,,,,,,,1,,,,,,,,1,0,0,0,1,,,,,,,,,
266,,,1,,,,,,,,,,,,,,,,,,1,,1,,,,,,1,,1,,1,,,,,,,,,1,,,,,,,1,1,0,1,0,0,,,,,,,,,
267,,,,,,1,,,,,,,,,,,,,1,,,1,1,,,,,,1,,1,,1,,,,,,,,,1,,,,,,,,1,0,1,0,0,,,,,,,,,
268,1,1,1,,,,,,,,,,,,,,,,,,,1,1,,,,,,1,,1,,1,,,,,,,,,1,,,,,,,,,0,0,0,0,1,,,,,,,,
269,,,1,1,,,,,,,,,,,,,,,,,,1,1,,,,,,1,,1,,1,,,,,,,,,1,,,,,,,,,0,0,0,0,1,,,,,,,,
270,,,,,,,,,1,,,,,,,,1,,,,,1,,1,,,,,1,,1,,1,,,,,,,,,1,,,,,,,,,0,0,1,0,,,,,,,,,
271,1,1,1,,,,,,,,,,,,,,,,,,,1,1,,,,,,1,,1,,1,,,,,,,,,1,,,,,,,,,0,0,0,0,1,,,,,,,,
272,,,1,,,,,,,,,,,,,,,,,,1,,1,,,,,,1,,1,,1,,,,,,,,,1,,,,,,,,1,0,1,0,,,,,,,,,,
273,,1,,,,,,,,,,,,,,,,,,,1,,1,,,,,,1,,1,,1,,,,,,,,,1,,,,,,,,1,0,1,0,,,,,,,,,,
274,,1,1,,,,,,,,,,,,,,,,,,,1,1,,,,,,1,,1,,1,,1,,,,1,,,,,,,,,1,,,0,0,0,0,,,1,,,,,,
275,0,1,1,,,,,,,,,,,,,,,,,,,1,1,,,,,,1,,1,,1,,1,,,,1,,,,,,,,,1,,,0,0,0,0,,,1,,,,,,
276,,,,1,,,,,,,,,,,,,,,,,,1,,1,,,,,1,,1,,1,,,,,,,,,1,,,,,,,,,1,0,1,0,,,,,,,,,
277,1,,1,,,,,,,,,,,,,,,,,,,1,1,,,,,,1,,1,,1,,,,,,,,,1,,,,,,,,,0,0,1,0,,,,,,,,,
278,1,1,,,,,,,,,,,,,,,,,,,,1,1,,,,,,1,,1,,1,,,,,,,,,1,,,,,,,,,0,0,1,0,,,,,,,,,
279,,,,,,,,,,,1,,,,,,,,,,,1,1,,,,,,1,,1,,,,,,,,,,1,1,,,,,,,,,0,0,0,0,,,,,,,,,
280,,1,,,,,,,,,,,,,,,,,,,,1,1,,,,,,1,,1,,,,,,,,,,1,1,,,,,,,,,0,0,0,0,,,,,,,,,
281,,,1,,,,,,,,,,,,,,,,,,,1,1,,,,,,1,,1,,,,,,,,,,1,1,,,,,,,,,0,0,0,0,,,,,,,,,
282,,,,,,,,,,1,,,,,,,,,,,,1,1,,,,,,1,,1,,,,,,,,,,1,1,,,,,,,,,0,0,0,0,,,,,,,,,
283,0,,,,,,,,,,,,1,,,,,,1,,,1,1,,,,,,1,,1,,,,,,,,,,1,1,,,,,,,,,0,0,0,0,,,,,,,,,
284,,,,,,,,1,,,,,,,,,,,,,,1,1,,,,,,1,,1,,1,,1,,,,,,,,,,,1,,,,,0,0,0,0,,,,,1,,,,
285,,1,,,,,,,,,,,,,,,,,,,,1,1,,,,,,1,,1,,1,,1,,,,,,,,,,,1,,,,,0,0,0,0,,,,,1,,,,
286,,,1,,,,,,,,,,,,,,,,,,1,,1,,,,,,1,,1,,1,,,,,,,,,1,,,,,,,,1,0,0,0,,,,,,,,,,
287,0,,,,,,,,1,,,,,,,,1,,,,1,,1,,,,,,1,,1,,1,,,,,,,,,1,,,,,,,,1,0,0,0,,,,,,,,,,
288,,1,,,,,,,,,,,,,,,,,,,1,,1,,,,,,1,,1,,1,,,,,,,,,1,,,,,,,,,,0,1,0,,,,,,,,,
289,,,,1,,,,,,,,,,,,,,,,,1,,1,,,,,,1,,1,,1,,,,,,,,,1,,,,,,,,,0,0,0,0,,,,,,,,,
290,,,,,,,,,,,,,,,1,,,,,,1,,1,,,,,,1,,1,,1,,,,,,,,,1,,,,,,,,,0,0,0,0,,,,,,,,,
291,,,1,,,,,,,,,,,,,,,,,,,1,1,,,,,,1,,1,,1,,,,,,,,,1,,,,,,,,,0,0,0,0,,,,,,,,,
292,,1,,,,,,,,,,,,,,,,,,,,1,1,,,,,,1,,1,,1,,,,,,,,,1,,,,,,,,,0,0,0,0,,,,,,,,,
293,,,,1,,,,,,,,,,,,,,,,,,1,1,,,,,,1,,1,,1,,,,,,,,,1,,,,,,,,,0,0,0,0,,,,,,,,,
294,0,,,,,,,,1,,,,,,,,,,,,,1,1,,,,,,1,,1,,1,,,,,,,,,1,,,,,,,,,0,0,0,0,,,,,,,,,
295,,,,,,,,,,1,,,,,,,,,1,,,1,1,,,,,,1,,1,,1,,,,,,,,,1,,,,,,,,,0,0,0,0,,,,,,,,,
296,,,,,,,1,,,,,,,,,,,,,,,1,1,,,,,,1,,1,,1,,,,,,,,,1,,,,,,,,,0,0,0,0,,,,,,,,,
297,1,,,,,,,,,,,,,,,1,,,,,,1,1,,,,,,1,,1,,1,,,,,,,,,1,,,,,,,,,0,0,0,0,,,,,,,,,
298,0,,,,1,,,,,,,,,,,,,,,,,1,1,,,,,,1,,1,,1,,,,,,,,,1,,,,,,,,,0,0,0,0,,,,,,,,,
299,,,,,,,1,,,,,,,,,,,,,,1,,1,,,,,,1,,1,,1,,,,,,,,,1,,,,,,,,1,0,,0,,,,,,,,,,
300,,,,,,,,1,,,,,,,,,,1,,,1,,1,,,,,,1,,1,,1,,,,,,,,,1,,,,,,,,1,0,,0,,,,,,,,,,
301,,1,,,,,,,,,,,,,,,,,,,1,,1,,,,,,1,,1,,1,,,,,,,,,1,,,,,,,,1,0,,0,,,,,,,,,,
302,,,1,,,,,,,,,,,,,,,,,,1,,1,,,,,,1,,1,,1,,,,,,,,,1,,,,,,,,1,0,,0,,,,,,,,,,
303,,1,,,,,,,,,,,,,,,,,,,1,,1,,,,,,1,,1,,1,,,,,,,,,1,,,,,,,,,1,0,0,,,,,,,,,,
304,,,,,,1,,,,,,,,,,,,,1,,1,,1,,,,,,1,,1,,1,,,,,,,,,1,,,,,,,,,1,0,0,0,,,,,,,,,
305,0,,1,,,,,,,,,,,,,,,,,,1,,1,,,,,,1,,1,,1,,,,,,,,,1,,,,,,,,,1,0,0,0,,,,,,,,,
306,,,,,1,,,,,,,,,,,,,,,,,1,,,1,,,1,,,1,,1,,,,,,,,,,,,,1,,,,,0,0,0,0,,,,,1,,,,
307,,,,,,,,,,,,,,1,,,,,,,,1,,,1,,,1,,,1,,1,,,,,,,,,,,,,1,,,,,0,0,0,0,,,,,1,,,,
308,,1,1,,,,,,,,,,,,,,,,,1,,,,1,,,,1,,,1,,1,,,,,,,,,1,,,,,,,,,0,0,0,,1,,,,,,,,
309,,,,,,,,,1,,1,,,,,,,,,1,,,,1,,,,1,,,1,,1,,,,,,,,,1,,,,,,,,,0,0,0,,1,,,,,,,,
310,,,,1,,,,,,,,,,,,,,,,1,,,,1,,,,1,,,1,,1,,,,,,1,,1,1,,,,,,,,,0,0,0,0,,,,,,,,,
311,,,1,,,,,,,,,,,,,,,,,1,,,,1,,,,1,,,1,,1,,,,,,1,,1,1,,,,,,,,,0,0,0,0,,,,,,,,,
312,,,,,1,,,,,,,,1,,,,,,,1,,,,1,,,,1,,,1,,1,,,,,,,,,1,,,,,,,,,0,0,0,,1,,,,,,,,
313,,,1,,,,,,,,,,,,,,,,,,,1,,1,,,,1,,,1,,1,,,,,,,,,1,,,,,,,,1,0,1,0,0,,,,,,,,,
314,,1,1,,,,,,,,,,,,,,,,,1,,,,1,,,,,1,1,,,1,,,,,,,,1,1,,,,,,,,,0,0,0,,1,,,,,,,,
315,,1,1,,,,,,,,,,,,,,,,,1,,,,,,1,,,1,1,,,1,,,,,,,,1,1,,,,,,,,,0,0,0,1,,,,,,,,,
316,,,,,,,,,,,,,,,1,,,,,,,1,1,,,,,,1,1,,,1,,,,,,,,1,1,,,,,,,,,1,,0,0,,,,,,,,,
317,,1,,,,,,,,,,,,,,,,,,,,1,1,,,,,,1,,1,,1,,,,,,,,,1,,,,,,,,,1,0,0,0,,,,,,,,,
318,0,,1,,,,,,,,,,,,,,,,,,,1,1,,,,,,1,,1,,1,,,,,,,,,1,,,,,,,,,1,,0,1,,,,,,,,,
319,0,1,,,,,,,,,,,,,,,,,,1,,,1,,,,,,1,,1,,1,,,,,,,,1,,,,1,,,,,,0,0,0,0,,,,,,,,,
320,0,,,1,,,,,,,,,,,,,,,,1,,,1,,,,,,1,,1,,1,,,,,,,,1,,,,1,,,,,,0,0,0,0,,,,,,,,,
321,,,,,,,,,,,,,,1,,,,,,1,,,1,,,,,,1,,1,,1,,,,,,,,1,,,,1,,,,,,0,0,0,0,,,,,,,,,
322,,,1,,,,,,,,,,,,,,,,,1,,,1,,,,,,1,,1,,1,,,,,,,,1,,,,1,,,,,,0,0,0,0,,,,,,,,,
323,,,,,,,,,,,,1,,,,,,,,1,,,1,,,,,,1,,1,,1,,,,,,,,1,,,,1,,,,,,0,0,0,0,,,,,,,,,
324,,,,,,,,,,,,1,,,,,,,,1,,,1,,,,,1,,,1,,,,,,,,,,1,,,,1,,,,,,0,0,0,0,,,,,,,,,
325,,,,,,,,,,,,,,1,,,,,,1,,,1,,,,,1,,,1,,,,,,,,,,1,,,,1,,,,,,0,0,0,0,,,,,,,,,
326,,,,,,,,,,,,,,,1,,,,,,,1,1,,,,,1,,,1,,1,,,,,,,,,,,,,1,,,,,0,0,0,0,,,,,1,,,,
327,,1,,,,,,,,,,,,,,,,,,,,1,1,,,,,1,,,1,,1,,,,,,,,,,,,,1,,,,,0,0,0,0,,,,,1,,,,
328,0,,1,,,,,,,,,,,,,,,,,,1,,,1,,,,,1,,1,,1,,,,,,,,,1,,,,,,,,1,0,1,0,0,,,,,,,,,
329,,1,,,,,,,,,,,,,,,,,,,1,,,1,,,,,1,,1,,1,,,,,,,,,1,,,,,,,,1,0,1,0,0,,,,,,,,,
330,0,,,,,,,,,,,,,,,1,,,,,1,,1,,,,,,1,,1,,1,,,,,,,,,1,,,,,,,,,0,0,0,0,,,,,,,,,1
331,,1,,,,,,,,,,,,,,,,,,,,1,1,,,,,1,,,1,,1,,,,,,,,,1,,,,,,,,1,0,0,0,,,,,,,,,,
332,,,1,,,,,,1,,1,,,,,,,,,,,1,1,,,,,1,,,1,,1,1,,,,,,,1,1,,,,,,,,,0,0,0,0,1,,,,,,,,
333,,,1,,,1,,,,,,1,,,,,,,,,,1,1,,,,,1,,,1,,1,1,,,,,,,1,1,,,,,,,,,0,0,0,0,1,,,,,,,,
334,,,,,,,,1,,,,,,,,,,,,,1,,1,,,,,1,,,1,,1,,,,,,,,,1,,,,,,,1,,0,0,0,0,,,,,,,,,
335,,1,,,,,,,,,,,,,,,,,,,1,,1,,,,,1,,,1,,1,,,,,,,,,1,,,,,,,1,,0,0,0,0,,,,,,,,,
336,,,1,,,,,,,,,,,,,,,,,,1,,1,,,,,1,,,1,,1,,,,,,,,,1,,,,,,,1,,0,0,0,0,,,,,,,,,
337,,,1,,,,,,,,,,,,,,,,,,,1,1,,,,,,1,,1,,1,,,,,,,,,1,,,,,,,,,1,0,0,0,,,,,,,,,
338,,1,,,,,,,,,,,,,,,,,,,,1,1,,,,,,1,,1,,1,,,,,,,,,1,,,,,,,,,1,0,0,0,,,,,,,,,
339,,,,,,1,,,,,,,,,,,,,1,,,1,1,,,,,,1,,1,,1,,,,,,,,,1,,,,,,,,,1,0,0,0,,,,,,,,,
340,0,,,,,,,,,1,,,,,,,,,,,,1,1,,,,,,1,,1,,1,,,,,,,,,1,,,,,,,,,1,0,0,0,,,,,,,,,
341,,1,,,,,,,,,,,,,,,,,,,,1,1,,,,,,1,,1,,1,,,,,,,,,1,,,,,,,,,1,0,,0,,,,,,,,,
342,,,,,,,,,,,1,,,,,,,,,,,1,1,,,,,,1,,1,,1,,,,,,,,,1,,,,,,,,,1,0,,0,,,,,,,,,
343,1,,1,,,,,,,,,,,,,,,,,,,1,1,,,,,,1,,1,,1,,,,,,,,,1,,,,,,,,1,0,0,0,1,,,,,,,,,
344,0,1,,,,,,,,,,,,,,,,,,,1,,1,,,,,1,,,1,,1,,1,,,,,,,,,,,1,,,,,0,0,0,0,,,,,1,,,,
345,0,,,,,,,,1,,,,,,,,,,,,1,,1,,,,,1,,,1,,1,,1,,,,,,,,,,,1,,,,,0,0,0,0,,,,,1,,,,
346,,,1,,,,,,,,,,,,,,,,,,,1,1,,,,,1,,,1,,1,,1,,,,,,,,,,,1,,,,,0,0,0,0,,,,,1,,,,
347,,1,1,,,,,,,,,,,,,,,,,1,,,1,,,,,,1,,1,,1,,,,,,,,,1,,,,,,,,,0,0,0,0,1,,,,,,,,
348,,1,,,1,,,,,,,,,,,,,,,1,,,1,,,,,,1,,1,,1,,,,,,,,,1,,,,,,,,,0,0,0,0,1,,,,,,,,
349,0,1,,,,,,,,,,,,,,,,,,1,,,,1,,,,,1,,1,,,,1,,,,,,,1,,,,,,,,,0,0,0,0,,,,,,,,,
350,0,,1,,,,,,,,,,,,,,,,,1,,,,1,,,,,1,,1,,,,1,,,,,,,1,,,,,,,,,0,0,0,0,,,,,,,,,
351,,1,,,,,,,,,,,,,,,,,,1,,,,1,,,,1,,,1,,,,1,1,,,1,,,1,,,,,,,,,0,0,0,0,,,,,,,,,
352,,,1,,,,,,,,,,,,,,,,,1,,,,1,,,,1,,,1,,,,1,1,,,1,,,1,,,,,,,,,0,0,0,0,,,,,,,,,
353,,1,,,,,,,,,,,,,,,,,,1,,,1,,,,,,1,,1,,,1,,,,,,,,,,,,1,,,,,0,0,0,0,,,,,1,,,,
354,,,,,,,,,1,,,,,,,,,,,1,,,1,,,,,,1,,1,,,1,,,,,,,,,,,,1,,,,,0,0,0,0,,,,,1,,,,
355,0,,,,,,,,1,,,,,,,,,,1,1,,,1,,,,,,1,,1,,,1,,,,,,,,1,,,,1,,,,,0,0,0,0,,,,,1,,,,
356,0,,1,,,,,,,,,,,,,,,,,1,,,,1,,,,1,,,1,,1,,,,,,,,,1,,,,,,,,,0,0,0,0,,,,,,,,,
357,,,,,,,,,,,,1,,,,,,,,1,,,,1,,,,1,,,1,,1,,,,,,,,,1,,,,,,,,,0,0,0,0,,,,,,,,,
358,,1,,,,,,,,,,,,,,,,,,1,,,,1,,,,1,,,1,,1,,,,,,,,,1,,,,,,,,,0,0,0,0,,,,,,,,,
359,,,,,,1,,,,,,,,,,,,,,1,,,,1,,,,1,,,1,,1,,,,,,,,,1,,,,,,,,,0,0,0,0,,,,,,,,,
360,,,,,,,,,1,,,,,,,,1,,,1,,,,,1,,,1,,,1,,,,1,1,,,1,,,,,1,,,,,,,0,0,0,0,,,,,,,,1,
361,,,,,1,,,,,,,,,,,,,,,1,,,,,1,,,1,,,1,,,,1,1,,,1,,,,,1,,,,,,,0,0,0,0,,,,,,,,1,
362,,1,1,,,,,,,,,,,,,,,,,1,,,1,,,,,1,,,1,,1,,,,,,,,,1,,,,,,,,,0,0,0,0,1,,,,,,,1,
363,,1,,,1,,,,,,,,,,,,,,,1,,,1,,,,,1,,,1,,1,,,,,,,,,1,,,,,,,,,0,0,0,0,1,,,,,,,1,
364,,,1,,,,,,1,,1,,,,,,,,,1,,,1,,,,,1,,,1,,1,,,,,,,,,1,,,,,,,,,0,0,0,0,1,,,,,,,1,
365,,,,,,1,,,,,,,,,,,,,,1,,,,1,,,,1,,,1,,1,,,,,,,,,1,,,,,,,,,0,0,0,0,,,,,,,,,
366,,,,,,,1,,,,,,,,,,,,,1,,,,1,,,,1,,,1,,1,,,,,,,,,1,,,,,,,,,0,0,0,0,,,,,,,,,
367,0,,,,,,,,,1,,,,,,,,,1,1,,,,1,,,,1,,,1,,1,,,,,,,,,1,,,,,,,,,0,0,0,0,,,,,,,,,
368,0,,,,,,,,,,,,,1,,,,,,1,,,,1,,,,1,,,1,,1,,,,,,,,,1,,,,,,,,,0,0,0,0,,,,,,,,,
369,0,1,1,,,,,,1,,,,,,,,,,,1,,,,1,,,,1,,,1,,1,,,,,,,,,,,,,1,,,,,0,0,0,0,1,,,,1,,,,
370,,1,1,,,,,,,,,,,,,,,,,1,,,1,,,,,1,,,1,,1,,,,,,,,,,,,,1,,,,,0,0,0,0,1,,,,1,,,,
371,,,,,,,,,,,,1,,,,,,,,1,,,,1,,,,1,,,1,,1,,1,,,,,,,,,,1,,,,,,0,0,0,0,,,,,,,,,
372,0,,,,,,,,1,,,,,,,,,,,1,,,,1,,,,1,,,1,,1,,1,,,,,,,,,,1,,,,,,0,0,0,0,,,,,,,,,
373,,,1,,,,,,,,,,,,,,,,,1,,,,1,,,,1,,,1,,1,,,,,,,,,1,,,,,,,,1,0,,0,,,,,,,,,,
374,,,,,,,,,1,,,,,,,,,,,1,,,,1,,,,1,,,1,,1,,,,,,,,,1,,,,,,,,1,0,,0,,,,,,,,,,
375,,,,,,,,,,,,,,1,,,,,,1,,,,1,,,,1,,,1,,1,,,,,,,,,1,,,,,,,,1,0,,0,1,,,,,,,,,
376,,,1,,,,,,,,,,,,,,,,,1,,,,1,,,,1,,,1,,1,,1,,,,,,,,1,,,,,,,,0,0,0,0,,,,,,,,,
377,,,,,,,,,1,,,,,,,,,,,1,,,,1,,,,1,,,1,,1,,,,,,,,,1,,,,,,,,1,0,,0,1,,,,,,,,,
378,,,,,,,,1,,,,,,,,,,1,,1,,,1,,,,,1,,,1,,1,,,,,,,,,1,,,,,,,,1,0,,0,,,,,,,,,1,
379,,,,,1,,,,1,,,,,,,,,,,1,,,,1,,,,1,,,1,,1,,,,,,,,,1,,,,,,,,,0,0,0,0,1,,,,,,,,
380,,,,,,,,1,,,,,1,,,,,,,1,,,,1,,,,1,,,1,,1,,,,,,,,,1,,,,,,,,,0,0,0,0,1,,,,,,,,
381,0,,1,,,,,,,,,,,,,,,,,1,,,,1,,,,1,,,1,,1,,,,,,,,,1,,,,,,,,1,0,,0,,,,,,,,,1,
382,,,,,,,,,,,,1,,,,,,,,1,,,,1,,,,1,,,1,,,,1,,,,,,,,,1,,,,,,,0,0,0,0,,,,,,,,,
383,,,,,,,,,1,,,,,,,,,,,1,,,,1,,,,1,,,1,,1,,,,,,,,,1,,,,,,,,1,0,0,0,0,,,,,,,,,
384,,,1,,,,,,,,,,,,,,,,,1,,,1,,,,,1,,,1,,,,1,,,,1,,,,,,,,,1,,,0,0,0,0,,,,,,,,,
385,,,,,,,,,,,,,,1,,,,,,1,,,1,,,,,,1,,1,,,1,,,,,,,,,1,,,,,,1,,0,0,0,0,,,,,,,,,1(¼Â¾÷)
386,,1,,,,,,,,,,,,,,,,,,1,,,1,,,,,,1,,1,,1,1,,,,,,,,,,,,,,1,,,0,0,0,0,,,,,,,,,
387,0,,1,,,,,,,,,,,,,,,,,1,,,1,,,,,,1,,1,,1,1,,,,,,,,,,,,,,1,,,0,0,0,0,,,,1,,,,,
388,1,,,,,,,,,,,,,1,,,,,,1,,,1,,,,,,1,,1,,1,1,,,,,,,,,,,,,,1,,,0,0,0,0,,,,,,,,,
389,,1,,,,,,,,,,,,,,,,,,1,,,1,,,,,1,,,1,,,,1,,,,,,,1,,,,,,,,,0,0,0,0,,,,,1,,,,
390,,,1,,,,,,,,,,,,,,,,,1,,,,1,,,,1,,,1,,,,1,,,,,,,,,,,,1,,,,0,0,0,0,,,,,1,,,,
391,,1,1,,,,,,,,,,,,,,,,,1,,,1,,,,,1,,,1,,1,,,,,,,,,1,,,,,,,,,0,0,0,0,1,,,,,,,1,
392,,1,,,,,,,,,,,,,,,,,,1,,,1,,,,,1,,,1,,1,,,,,,,,,,,,,1,,,,1,0,0,0,0,,,,,1,,,,
393,,,1,,,,,,,,,,,,,,,,,1,,,1,,,,,1,,,1,,1,,,,,,,,,,,,,1,,,,1,0,0,0,0,,,,,1,,,,
394,0,1,1,,,,,,,,,,,,,,,,,1,,,,1,,,,1,,,1,,1,,,,,,,,,,,,,,1,,,,0,0,0,0,1,,,,,,,,
395,0,,,,,,,,1,,,,1,,,,,,,1,,,,1,,,,1,,,1,,1,,,,,,,,,,,,,,1,,,,0,0,0,0,1,,,,,,,,
396,0,1,1,,,,,,,,,,,,,,,,,1,,,1,,,,,1,,,1,,1,,,,,,,,,1,,,,,,,,,0,0,0,0,1,,,,,,,,
397,,1,,,1,,,,,,,,,,,,,,,1,,,,1,,,,1,,,1,,1,,,,,,,,,,,1,,,,,,,0,0,0,0,1,,,,,,,,
398,,1,,,,,1,,,,,,,,,,,,,1,,,,1,,,,1,,,1,,1,,,,,,,,,,,1,,,,,,,0,0,0,0,1,,,,,,,,
399,0,1,,,,,,,,,,,,,,,,,,,1,,,1,,,,1,,,1,,1,,,,,,,,,1,,,,,,,1,,0,0,0,0,,,,,,,,,
400,,,,1,,,,,,,,,,,,,,,,,1,,,1,,,,1,,,1,,1,,,,,,,,,1,,,,,,,1,,0,0,0,0,,,,,,,,,
401,,,1,,,,,,,,,,,,,,,,,,1,,,1,,,,1,,,1,,1,,,,,,,,,1,,,,,,,1,,0,0,0,0,,,,,,,,,
402,0,1,,,,,,,,,,,,,,,,,,,1,,1,,,,,,1,,1,,1,,,,,,,,,1,,,,,,,,1,0,,0,,,,,,,,,,
403,,1,1,,,,,,,,,,,,,,,,,,1,,,,1,,,1,,,1,,1,,,,,,,,,1,,,,,,,,,0,0,0,0,1,,,,,,,,
404,,1,,,1,,,,,,,,,,,,,,,,1,,,,1,,,1,,,1,,1,,,,,,,,,1,,,,,,,,,0,0,0,0,1,,,,,,,,
405,,,,,1,,,,,,,,,,,,,,,,1,,1,,,,,1,,,1,,1,,,,,,,,,1,,,,,,,,1,0,,0,0,,,,,,,,,
406,,1,,,,,,,,,,,,,,,,,,,1,,1,,,,,1,,,1,,1,,,,,,,,,1,,,,,,,,1,0,,0,0,,,,,,,,,
407,,1,,,,,1,,,,,,,,,,,,,,1,,1,,,,,1,,,1,,1,,,,,,,,,,,,,1,,,,,0,0,0,0,1,,,,,,,,
408,,,1,,1,,,,,,,,,,,,,,,,1,,1,,,,,1,,,1,,1,,,,,,,,,,,,,1,,,,,0,0,0,0,1,,,,,,,,
409,0,1,,,,,,,,,,,,,,,,,,,1,,,1,,,,,1,,1,,1,,,,,,,,,1,,,,,,,,,0,0,0,0,,,,,,,,,
410,,1,1,,,,,,,,,,,,,,,,,,1,,1,,,,,1,,,1,,1,,,,,,,,,1,,,,,,,,,0,0,0,0,1,,,,,,,,
411,,,,1,,,,,,,,,,1,,,,,,,1,,1,,,,,1,,,1,,1,,,,,,,,,1,,,,,,,,,0,0,0,0,1,,,,,,,,
412,,,1,,1,,,,,,1,,,,,,,,,,1,,1,,,,,1,,,1,,1,,,,,,,,,1,,,,,,,,,0,0,0,0,1,,,,,,,,
413,,,,,1,,,,,1,1,,,,,,,,1,,1,,1,,,,,1,,,1,,1,,,,,,,,,1,,,,,,,,,0,0,0,0,1,,,,,,,,
414,,1,,,,,,,,,,,,,,,,,,,1,,,1,,,,1,,,1,,1,,,,,,,,,1,,,,,,,,,0,0,0,0,,,,,,,,,1
415,,,1,,,,,,,,,,,,,,,,,,1,,,1,,,,1,,,1,,1,,,,,,,,,1,,,,,,,,,0,0,0,0,,,,,,,,,1
416,,,,,,,1,,,,,,,,,,,,1,,,1,,,1,,,,1,1,,,,1,,1,,,,1,,1,,,,,,,,,,,,,,,,,,,,,
417,0,,1,,,,,,,,,,,,,,,,,1,,,,,1,,,1,,,1,,,1,,1,,1,,1,,,1,,,,,,,,,,,,,,,,,,,,
418,,,1,,,,,,,,,,,,,,,,,1,,,,,1,,,1,,1,,,1,,1,,,,1,,,1,,,,,,,,,,,,,,,,,,,,,
419,,,,,1,,,,,,,,,,,,,,,1,,,,,1,,,1,,1,,,1,,1,,,,1,,,1,,,,,,,,,,,,,,,,,,,,,
420,,1,,,,,,,,,,,,,,,,,,1,,,,,1,,,1,,1,,,1,,1,,,,1,,,1,,,,,,,,,,,,,,,,,,,,,
421,,,,,,,,,,,,,,,,1,,,,1,,,,,1,,,1,,1,,,1,,1,,,,1,,,1,,,,,,,,,,,,,,,,,,,,,
422,,,,,,,,,1,,,,,,,,,,,1,,,,,1,,,1,,1,,,1,,1,,,,1,,,1,,,,,,,,,,,,,,,,,,,,,
423,,,1,,,,,,,,,,,,,,,,,1,,,,,,1,,,1,1,,,,1,,1,,,,1,,,,,1,,,,,,,,,,,,,,,,,,
424,,1,,,,,,,,,,,,,,,,,,1,,,,,,1,,,1,1,,,,1,,1,,,,1,,,,,1,,,,,,,,,,,,,,,,,,
425,,1,,,,,,,,,,,,,,,,,,,,1,,,1,,,,1,,,1,1,,,,,,,,,1,,,,,,,,,,,1,,,,,,,,,,
426,,,,,,,,,,,,,1,,,,,,,,,1,1,,,,,,1,,,1,1,,,,,,,,,1,,,,,,,,,1,,1,,,,,,,,,,
427,1,1,,,,,,,,,,,,,,,,,,,,1,,,1,,,,1,,,1,1,,,,,,,,,1,,,,,,,,,,,,,,,,,,,,,
428,1,,,,,,,,,,1,,,,,,,,,,,1,,,1,,,,1,,,1,1,,,,,,,,,1,,,,,,,1,,,,,,,,,,,,,,
429,1,,1,,,,,,,,,,,,,,,,,,,1,,,1,,,,1,,,1,1,,,,,,,,,1,,,,,,,,,,,,,,,,,,,,,
430,,,,1,,,,,,,,,,,,,,,,,,1,,,1,,,,1,1,,,1,,1,,,,,,,,1,,,,1,,,,,,,,,,,,,,,,
431,0,1,,,,,,,,,,,,,,,,,,,,1,,,1,,,,1,1,,,1,,1,,,,,,,,1,,,,1,,,,,,,,,,,,,,,,
432,1,,1,,,,,,,,,,,,,,,,,,,1,,,1,,,1,,,,1,1,,,,,,,,,1,,,,,,,,,,,,,,,,,,,,,
433,,,1,,,,,,1,,,,,,,,1,,,,,1,,,1,,,,1,,,1,1,,,,,,,,,1,,,,,,,,,,,,,1,,,,,,,,
434,,1,,,,,,,,,,,,,,,,,,,,1,,,1,,,,1,,,1,1,,,,,,,,,1,,,,,,,,,,,,,,,,,,,,,
435,,1,,,,,,,,,,,,,,,,,,1,,,,,1,,,,1,,,1,1,,,,,,,,,,,,,1,,,,,,,,,,,,,1,,,,
436,,,,,,,,,1,,,,,,,,,,,1,,,,,1,,,,1,,1,,,1,1,,,,,,,,1,,,,,,,,,,,,,,,,1,,,,
437,,,,,,,,,1,,,,,,,,,,,,,1,,,,1,,,1,,,1,,1,,,,,,,,,1,,,,1,,,,,,,,,,,,,,,,
438,0,,,,,,,,,,,,,1,,,,,,,,1,,,,1,,,1,,,1,1,,,,,,,,,,1,,,,1,,,,,,,,,,,,,,,,
439,,1,,,,,,,,,,,,,,,,,,,,1,,,,1,,,1,,,1,1,,,,,,,,,,1,,,,1,,,,,,,,,,,,,,,,
440,,,1,,,,,,1,,,,,,,,,,,1,,,1,,,,,,1,,,1,1,,,,,,,,,,,,,1,,,,,,,,,1,,,,,,,,
441,,,1,,,,,,,,,,,,,,,,,1,,,,,1,,,,1,1,,,1,,1,,,,,,,,,,,1,,,,,,,,,,,,,1,,,,
442,,,,,,,,,,,,,1,,,,,,1,1,,,,,1,,,,1,,,1,1,1,,,,,,,,,,,,1,,,,,,,,,,,,,1,,,,
443,,,1,,,,,,,,,,,,,,,,,1,,,,,1,,,,1,,,1,1,1,,,,,,,,,,,,,1,,,,,,,,,,,,1,,,,
444,1,,1,,,,,,,,,,,,,,,,,,,1,,,1,,,,1,,,1,1,,,,,,,,,,,,,,,1,,,,,,,,,,,1,,,,
445,,,,,,,1,,,,,,,,,,,,1,1,,,,,1,,,,1,,,1,,1,1,,,,,,,,,,,1,,,,,,,,,,,,,1,,,,
446,,,1,,,,,,,,,,,,,,,,,1,,,,,1,,,,1,,,1,1,,,,,,,,,,,,,1,,,,,,,,,,,,,1,,,,
447,,,,,,,,,,,,,1,,,,,,1,1,,,,,1,,,,1,,,1,1,1,,,,,,,,,,,,,1,,,,,,,,,,,,1,,,,
448,,,1,,,,,,1,,,,,,,,,,,1,,,,,1,,,,1,,,1,1,1,,,,,,,,,,,,,1,,,,,,,,1,,,,1,,,,
449,,,,,,,,,,,,,1,,,,,,1,,,1,,,,1,,,1,,,1,,,1,1,,,1,,,1,,,,,,,,,,,,,,,,1,,,,,
450,,,1,,,,,,,,,,,,,,,,,,,1,1,,,,1,,,,1,,1,,,,,,,,,1,,,,,,,,1,0,0,0,0,,,,,,,,,
451,1,,,,,,,,,,,,,1,,,,,1,,,1,1,,,,1,,,,1,,1,,,,,,,,,1,,,,,,,,1,0,0,0,0,,,,,,,,,
452,1,,,,,,,,,,,,,,,1,,,1,,,1,1,,,,1,,,,1,,1,,,,,,,,,1,,,,,,,,1,0,0,0,0,,,,,,,,,
453,,,1,,,,,,,,,,,,,,,,,,,1,,,,1,1,,,,,1,1,,,,,,,,,1,,,,,,,,,0,0,0,0,,,,,,,,,
454,,,,,,,,,,,,,,1,,,,,,,,1,,,,1,1,,,,,1,1,,,,,,,,,1,,,,,,,,,0,0,0,0,,,,,,,,,
455,1,,,,,,,,,,,,,,,1,,,,,,1,,,,1,1,,,,,1,1,,,,,,,,,1,,,,,,,,,0,0,0,0,,,,,,,,,
456,,1,,,,,,,,,,,,,,,,,,,,1,,,,1,1,,,,,1,1,,,,,,,,,1,,,,,,,,,0,0,0,0,,,,,,,,,
457,,,,,,,,,,,,,,1,,,,,,,,1,,,,1,1,,,,,1,1,,,,,,,,,1,,,,,,,,,0,0,0,0,,,,,,,,,
458,,,,1,,,,,,,,,,,,,,,,,,1,,,,1,1,,,,,1,1,,,,,,,,,1,,,,,,,,,0,0,0,0,,,,,,,,,
459,1,,,,,,,,1,,,,,,,,,,,1,,,,,,1,1,,,,1,,1,,,,,,,,,1,,,,,,,1,,0,0,0,0,,,,,,,,1,
460,1,,,1,,,,,,,,,,,,,,,,1,,,,,,1,1,,,,1,,1,,,,,,,,,1,,,,,,,1,,0,0,0,0,,,,,,,,1,
461,0,,,,,,,,,,,,,,1,,,,,,,1,,,,1,,,1,,1,,1,,,,,,,,,,,,,1,,,,,0,0,0,0,,1,,1,,,,,
462,,,1,,,,,,,,,,,,,,,,,,,1,,,,1,,,1,,1,,1,,,,,,,,,,,,,1,,,,,0,0,0,0,,1,,1,,,,,
463,1,,,,,,,,,1,,,,,,,,,1,,,1,,,,1,,1,,,1,,1,,,,,,,,,1,,,,,,,1,,0,0,0,0,,,,,,,,,
464,,,,,,,,,,,,,,,,1,,,1,,,1,,,,1,,1,,,1,,1,,,,,,,,,1,,,,,,,1,,0,0,0,0,,,,,,,,,
465,0,,,,,1,,,,,,,,,,,,,,1,,,,,,1,1,,,,,1,1,,,,,,,,,1,,,,,,,1,1,0,0,0,0,,,,,,,1,1,
466,,,,1,,,,,,,,,,,,,,,,1,,,,,,1,1,,,,,1,1,,,,,,,,,1,,,,,,,1,,0,0,0,0,,,,,,,1,1,
467,,,,,1,,,,,,,,,,,,,,,1,,,,,,1,1,,,,,1,1,,,,,,,,,1,,,,,,,1,,0,0,0,0,,,,,,,1,1,
468,,,,,,,1,,,,,,,,,,,,,1,,,,,,1,1,,,,,1,1,,,,,,,,,1,,,,,,,1,,0,0,0,0,,,,,,,1,1,
469,0,,,,,,,,1,,,,,,,,,,,,,1,,,1,,,1,,,1,,1,,,,,,,,,1,,,,,,,,,0,0,0,0,,,,,,,,,
470,,1,,,,,,,,,,,,,,,,,,,,1,,,1,,,1,,,1,,1,,,,,,,,,1,,,,,,,,,0,0,0,0,,,,,,,,,
471,,,,,,,,,,1,,,,,,,,,,,,1,,,,1,,1,,,1,,1,,,,,,,,,1,,,,,,,,,0,0,0,0,,1,,1,,,,,
472,,,,,,,,,,,,,,,1,,,,,,,1,,,,1,,1,,,1,,1,,,,,,,,,1,,,,,,,,,0,0,0,0,,1,,1,,,,,
473,,,,,,1,,,,,,,,,,,,,,,,1,,,,1,,1,,,1,,1,,,,,,,,,1,,,,,,,,,0,0,0,0,,1,,1,,,,,
474,0,,,1,,,,,,,,,,,,,,,,,,1,,,,1,,1,,,1,,1,,,,,,,,,1,,,,,,,,,0,0,0,0,,1,,1,,,,,
475,,,,,,,,,1,,,,,,,,1,,,,,1,,,,1,,1,,,1,,1,,,,,,,,,1,,,,,,,,,0,0,0,0,,1,,1,,,,,
476,,1,,,,,,,,,,,,,,,,,,,,1,,,,1,,1,,,1,,1,,,,,,,,,1,,,,,,,,,0,0,0,0,,,,1,,,,,
477,,,1,,,,,,,,,,,,,,,,,,,1,,,,1,,1,,,1,,1,,,,,,,,,1,,,,,,,,,0,0,0,0,,,,1,,,,,
478,,,,,,,1,,,,,,,,,,,,1,1,,,,,,1,,,1,,1,,1,,,,,,,,,1,,,,,,,,,0,0,0,0,,,,,,,,,
479,,,,1,,,,,,,,,,,,,,,,1,,,,,,1,,,1,,1,,1,,,,,,,,,1,,,,,,,,,0,0,0,0,,,,,,,,,
480,0,,1,,,,,,,,,,,,,,,,,1,,,,,,1,,,1,,1,,1,,1,,,,,,,1,,,,,,,,,0,0,0,0,,,,,,,,,
481,,1,,,,,,,,,,,,,,,,,,1,,,,,,1,,,1,,1,,1,,1,,,,,,,1,,,,,,,,,0,0,0,0,,,,,,,,,
482,,,1,,,,,,,,,,,,,,,,,,,1,,,,1,,1,,,1,,1,,1,,,,1,,,1,,,,,,,,1,0,0,0,0,,,,1,,,,,
483,,1,,,,,,,,,,,,,,,,,,,,1,,,,1,,1,,,1,,1,,1,,,,1,,,1,,,,,,,,1,0,0,0,0,,,,1,,,,,
484,1,,1,,,,,,,,,,,,,,,,,,,1,,,,1,,1,,,1,,1,,,,,,,,,1,,,,,,,,,0,0,1,0,,,,,,,,,
485,,,,,,,,1,,,,,,,,,,,,,,1,,,,1,,1,,,1,,1,,,,,,,,,1,,,,,,,,,0,0,1,0,,,,,,,,,
486,1,,,,,,,,1,,,,,,,,1,,,,,1,,,,1,,1,,,1,,1,,,,,,,,,1,,,,,,,,,,0,1,0,,,,,,,,,
487,,,1,,,,,,,,,,,,,,,,,,,1,,,,1,,1,,,1,,1,,,,,,,,,1,,,,,,,,,,0,1,0,,,,,,,,,
488,,1,,,,,,,,,,,,,,,,,,,,1,,,1,,,1,,,1,,1,,,,,,,,,1,,,,,,,,,0,0,1,0,,,,,,,,,
489,1,,,,,,,,,,1,,,,,,,,,,,1,,,1,,,1,,,1,,1,,,,,,,,,1,,,,,,,,,0,0,1,0,,,,,,,,,
490,1,,,,,,,,,,,,,1,,,,,,,,1,,,1,,,1,,,1,,1,,1,,,,1,,,1,,,,,,,,,0,0,0,0,,,,,,,,,
491,,,,,,,,,1,,,,,,,,1,,,,,1,,,1,,,1,,,1,,1,,1,,,,1,,,1,,,,,,,,,0,0,0,0,,,,1,,,,,
492,,,,,,,,,,,,1,,,,,,,,,,1,,,1,,,1,,,1,,1,,1,,,,1,,,1,,,,,,,,,0,0,0,0,,,,,,,,,
493,1,,1,,,,,,,,,1,,,,,,,,,,1,,,1,,,1,,,1,,1,,,,,,,,,1,,,,,,,,,0,0,0,0,1,,,,,,,,
494,1,,1,,,,,,,,1,,,,,,,,,,,1,,,1,,,1,,,1,,1,,,,,,,,,1,,,,,,,,,0,0,0,0,1,,,,,,,,
495,,,1,,,,,,1,,,,,,,,1,,,,,1,,,1,,,1,,,1,,1,,,,,,,,,1,,,,,,,,,0,0,0,0,1,,,,,,,,
496,,,,,,,,,1,,,,,,,,1,,,,,1,,,,1,,1,,,1,,1,,,,,,,,,,,,,1,,,,,0,0,0,0,,,,,1,,,,
497,,,,,,,,,1,,,,,,,,,,,,,1,,,,1,,1,,,1,,1,,,,,,,,,,,,,1,,,,,0,0,0,0,,,,,1,,,,
498,,,,,,,,,,,,,,1,,,,,,,,1,,,,1,,1,,,1,,1,,,,,,,,,,,,,1,,,,,0,0,0,0,,,,,1,,,,
499,1,,,,,1,,,,,,,,,,,,,,,,1,,,1,,,1,,,1,,1,,,,,,,,,1,,,,,,,,,0,0,0,0,,,,,,,,,
500,,,,,,,,,1,,,,,,,,,,,,,1,,,1,,,1,,,1,,1,,,,,,,,,1,,,,,,,,,0,0,0,0,,,,,,,,,
501,,1,,,,,,,,,,,,,,,,,,,,1,,,1,,,1,,,1,,1,,,,,,,,,1,,,,,,,,,0,0,0,0,,,,,,,,,
502,,,,,,,,,,,,,,1,,,,,,,,1,,,1,,,1,,,1,,1,,,,,,,,,1,,,,,,,,,0,0,0,0,,,,,,,,1,
503,0,,,,,,,,,,1,,,,,,,,1,,,1,,,1,,,1,,,1,,1,,,,,,,,,1,,,,,,,,,0,0,0,0,,,,,,,,1,
504,,1,,,,,,,,,,,,,,,,,,,,1,,,1,,,1,,,1,,1,,,,,,,,,1,,,,,,,,,0,0,0,0,,,,,,,,,
505,,,,,,,,,1,,,,,,,,1,,,,,1,,,,1,,1,,,1,,1,,,,,,,,,1,,,,,,,,,0,0,0,0,,,,1,,,,,
506,,,1,,,,,,,,,,,,,,,,,,,1,,,,1,,1,,,1,,1,,,,,,,,,1,,,,,,,,,0,0,0,0,,,,1,,,,,
507,,,,,,,1,,,,,,,,,1,,,,,,1,,,,1,,1,,,1,,1,,,,,,,,,1,,,,,,,,,0,0,0,0,,,,1,,,,,
508,1,1,,,,,,,,,,,,,,,,,,,,1,,,,1,,1,,,1,,1,,,,,,,,1,1,,,,,,,,,0,0,0,0,,,,1,,,,,
509,,,,,,,,,,,1,,,,,,,,1,,,1,,,,1,,1,,,1,,1,,,,,,,,1,1,,,,,,,,,0,0,0,0,,,,1,,,,,
510,,,1,,,,,,,,,,,,,,,,,,,1,,,,1,,1,,,1,,1,,,,,,,,1,1,,,,,,,,,0,0,0,0,,,,,,,,,
511,1,1,,,,,,,,,,,,,,,,,,1,,,,,,1,1,,,,1,,1,,,,,,,,,1,,,,,,,,1,0,0,0,0,,,,,,,,,
512,,,,,,,,,,,,1,,,,,,,,1,,,,,,1,1,,,,1,,1,,,,,,,,,1,,,,,,,,1,0,0,0,0,,,,,,,,,
513,,,,1,,,,,,,,,,,,,,,,1,,,,,,1,1,,,,1,,1,,,,,,,,,1,,,,,,,,1,0,0,0,0,,,,,,,,,
514,,,,,,,,,1,,,,,,,,1,,,1,,,,,,1,1,,,,1,,1,,,,,,,,,1,,,,,,,1,,0,0,0,0,,,,,,,,,
515,0,1,,,,,,,,,,,,,,,,,,1,,,,,,1,1,,,,1,,1,,,,,,,,,1,,,,,,,,,0,0,0,0,,,,,,,,,
516,,,,,,,,,,,,,,1,,,,,,1,,,,,,1,1,,,,1,,1,,,,,,,,,1,,,,,,,1,,0,0,0,0,,,,,,,,,
517,1,,,,,,,,,,,,,1,,,,,,,,1,,,1,,,,1,,1,,1,,,,,,,,,1,,,,,,,,,0,0,0,0,,,,,,,,,
518,,,,,,,,,,,1,,,,,,,,1,,,1,,,1,,,,1,,1,,1,,,,,,,,,1,,,,,,,,,0,0,0,0,,,,,,,,,
519,1,1,,,,,,,,,,,,,,,,,,,,1,,,1,,,,1,,1,,1,,,,,,,,,1,,,,,,,,,0,0,0,0,,,,,,,,,
520,0,,1,,,,,,,,,,,,,,,,,1,,,,1,,,,,1,,1,,1,,,,,,,,,1,,,,,,,,,0,0,0,0,,,,,,,,,
521,0,,,,,,,,,1,,,,,,,,,,1,,,,1,,,,,1,,1,,1,,,,,,,,,1,,,,,,,,,0,0,0,0,,,,,,,,,
522,,,,1,,,,,,,,,,,,,,,,1,,,,1,,,,,1,,1,,1,,,,,,,,,1,,,,,,,,,0,0,0,0,,,,,,,,,
523,,,,,,,,,,,,,,,,1,,,,1,,,,,,1,,1,,,1,,1,,,,,,1,,,1,,,,,,,,,0,0,0,0,,,,,,,,,
524,,,,,,,,,,,,1,,,,,,,,1,,,,,,1,,1,,,1,,1,,,,,,1,,,1,,,,,,,,,0,0,0,0,,,,,,,,,
525,1,,1,,,,,,,,,,,,,,,,,1,,,,,,1,,1,,,1,,1,,,,,,1,,,1,,,,,,,,,0,0,0,0,,,,,,,,,
526,,,,1,,,,,,,,,,,,,,,,1,,,,,,1,,1,,,1,,1,,,,,,,,,1,,,,,,,,,0,0,0,0,,,,,,,,,
527,,,,,,,,1,,,,,,,,,,,1,1,,,,,,1,,1,,,1,,1,,,,,,,,,1,,,,,,,,,0,0,0,0,,,,,,,,,
528,,,,,,,1,,,,,,,,,,,,1,1,,,,,,1,,1,,,1,,1,,,,,,,,,1,,,,,,,,,0,0,0,0,,,,,,,,,
529,,,,,,,,,1,,,,,,,,1,,,1,,,,,,1,,1,,,1,,1,,,,,,,,,1,,,,,,,,,0,0,0,0,,,,,,,,,
530,,,,,,,,,,,,,,1,,,,,,1,,,,,,1,,1,,,1,,1,,,,,,,,,1,,,,,,,,,0,0,0,0,,,,,,,,,
531,,1,,,,,,,,,,,,,,,,,,1,,,,,,1,,1,,,1,,1,,,,,,,,,1,,,,,,,,,0,0,0,0,,,,,,,,,
532,1,,,,,,,,,,,,,,1,,,,,1,,,1,,,,,1,,,1,,1,,,,,,,,,1,,,,,,,,,0,0,0,0,,,,,,,,,
533,1,1,,,,,,,,,,,,,,,,,,1,,,1,,,,,1,,,1,,1,,,,,,,,,1,,,,,,,,,0,0,0,0,,,,,,,,,
534,1,1,1,,,,,,,,,,,,,,,,,,,1,,,1,,,1,,,1,,,,,,,,,,1,1,,,,,,,,,0,0,0,0,1,,,,,,,,
535,1,,1,,,,,1,,,,,,,,,,,,,,1,,,1,,,1,,,1,,,,,,,,,,1,1,,,,,,,,,0,0,0,0,1,,,,,,,,
536,,,1,,,,,1,,,,,,,,,,,,,,1,,,1,,,1,,,1,,,,,,,,,,1,1,,,,,,,,,0,0,0,0,1,,,,,,,,
537,,,,,,1,,,,,,,,,,,,,,1,,,,,,1,,1,,,1,,1,,,,,,,,,1,,,,,,,,,0,0,0,0,,,,,,,,,
538,,,1,,,,,,,,,,,,,,,,,1,,,,,,1,,1,,,1,,1,,,,,,,,,1,,,,,,,,,0,0,0,0,,,,,,,,,
539,,1,,,,,,,,,,,,,,,,,,1,,,,,,1,,1,,,1,,1,,,,,,,,,1,,,,,,,,,0,0,0,0,,,,,,,,,
540,,,,,,,,,1,,,,,,,,1,,,1,,,,,1,,,1,,,1,,,,,,,1,,,,1,,,,,,,,,0,0,0,0,,,,,,,,,
541,,,,1,,,,,,,,,,,,,,,,1,,,,,1,,,1,,,1,,,,,,,1,,,,1,,,,,,,,,0,0,0,0,,,,,,,,,
542,,1,,,,,,,,,,,,,,,,,,1,,,,,1,,,1,,,1,,,,,,,1,,,,1,,,,,,,,,0,0,0,0,,,,,,,,,
543,1,,,1,,,,,,,,,,,,,,,,1,,,,,,1,1,,,,1,,1,,,,,,,,,1,,,,,,,,,0,0,0,0,,,,,,,,1,
544,,,1,,,,,,,,,,,,,,,,,1,,,,,,1,1,,,,1,,1,,,,,,,,,1,,,,,,,,,0,0,0,0,,,,,,,,1,
545,,1,,,,,,,,,,,,,,,,,,1,,,,,,1,1,,,,1,,1,,,,,,,,,1,,,,,,,,,0,0,0,0,,,,,,,,1,
546,0,,,,,,,1,,,,,,,,,,,1,1,,,,,,1,1,,,,1,,1,,,,,,,,,,1,,,,,,,,0,0,0,0,,,,,,,,1,
547,,,,,,,,,,1,,,,,,,,,1,1,,,,,,1,1,,,,1,,1,,,,,,,,,,1,,,,,,,,0,0,0,0,,,,,,,,1,
548,,1,,,,,,,,,,,,,,,,,,1,,,,,,1,1,,,,1,,1,,,,,,,,,,1,,,,,,,,0,0,0,0,,,,,,,,1,
549,,,,1,,,,,,,,,,,,,,,,1,,,,,,1,,1,,,1,,,,1,1,,,,,,1,,,,,,,,,0,0,0,0,,,,,,,,,
550,,1,,,,,,,,,,,,,,,,,,1,,,,,,1,,1,,,1,,,,1,1,,,,,,1,,,,,,,,,0,0,0,0,,,,,,,,,
551,,,,,,,1,,,,,,,,,,,,,1,,,,,,1,1,,,,1,,1,,,,,,,,,1,,,,,,,,,0,0,0,0,,,,,,,,1,
552,1,1,,,,,,,,,,,,,,,,,,1,,,,,,1,1,,,,1,,1,,,,,,,,,1,,,,,,,,,0,0,0,0,,,,,,,,1,
553,,,,1,,,,,,,,,,,,,,,,1,,,,,,1,1,,,,1,,1,,,,,,,,,1,,,,,,,,,0,0,0,0,,,,,,,,1,
554,,1,,,,,,,,,,,,,,,,,,1,,,1,,,,1,,,,1,,1,,,,,,,,,1,,,,,,,,,0,0,0,0,,,,,,,,1,
555,,,,,,,1,,,,,,,,,,,,,1,,,1,,,,1,,,,1,,1,,,,,,,,,1,,,,,,,,,0,0,0,0,,,,,,,,1,
556,0,,,1,,,,,,,,,,,,,,,,1,,,1,,,,1,,,,1,,1,,,,,,,,,1,,,,,,,,,0,0,0,0,,,,,,,,1,
557,,,1,,,,,,,,,,,,,,,,,1,,,1,,,,,1,,,1,,1,,,,,,,,,1,,,,,,,,,0,0,0,0,,,,,,,,,
558,0,,,,,,,,1,,,,,,,,,,,1,,,1,,,,,1,,,1,,1,,,,,,,,,1,,,,,,,,,0,0,0,0,,,,,,,,,
559,0,,,,,,,,,,,1,,,,,,,,1,,,1,,,,,1,,,1,,1,,,,,,,,,1,,,,,,,,,0,0,0,0,,,,,,,,,
560,1,,,,,,,,,,,,,,,1,,,,,,1,,,,1,,1,,,1,,1,,,,,,,,,1,,,,,,,,1,0,1,0,0,,,,,,,,,
561,,,1,,,,,,,,,,,,,,,,,,,1,,,,1,,1,,,1,,1,,,,,,,,,1,,,,,,,,1,0,1,0,0,,,,,,,,,
562,,,,,1,,,,,,,,,,,,,,,,,1,,,,1,,1,,,1,,1,,,,,,,,,1,,,,,,,,1,0,0,0,0,,,,,,,,,
563,1,,,1,,,,,,,,,,,,,,,,,,1,,,,1,,1,,,1,,1,,,,,,,,,1,,,,,,,,,0,0,0,1,,,,,,,,,
564,,,,,,,,,,,,,,1,,,,,,,,1,,,,1,,1,,,1,,1,,,,,,,,,1,,,,,,,,,0,0,0,1,,,,,,,,,
565,,,,,,,,,,,1,,,,,,,,1,,,1,,,,1,,1,,,1,,1,,,,,,,,,1,,,,,,,,,0,0,0,1,,,,,,,,,
566,0,,,,,,1,,,,,,,,,,,1,,,,1,,,,1,,1,,,1,,1,,,,,,,,,1,,,,,,,,1,0,1,0,0,,,,,,,,,
567,,,1,,,,,,,,,,,,,,,,,,,1,,,,1,,1,,,1,,1,,,,,,,,,1,,,,,,,,1,0,1,0,0,,,,,,,,,
568,,,,,,1,,,,,,,,,,,,,1,,,1,,,,1,,1,,,1,,1,,,,,,,,,1,,,,,,,,1,0,1,0,0,,,,,,,,,
569,0,1,,,,,,,,,,,,,,,,,,,,1,,,,1,,1,,,1,,1,,,,,,,,,1,,,,,,,,1,0,1,0,0,,,,,,,,,
570,,,1,,,,,,,,,,,,,,,,,,,1,,,,1,,1,,,1,,1,,,,,,,,,1,,,,,,,,1,0,1,0,0,,,,,,,,,
571,,,,,,1,,,,,,,,1,,,,,,1,,,1,,,,,1,,,1,,1,,1,1,,,,,,1,,,,,,,,,0,0,0,0,,,1,,,,,,
572,0,1,,,,,,,1,,,,,,,,,,,1,,,1,,,,,1,,,1,,1,,1,1,,,,,,1,,,,,,,,,0,0,0,0,,,1,,,,,,
573,,1,,,,,,,,,,,,,,,,,,1,,,1,,,,,1,,,1,,1,,,,,,,,,1,,,,,,,,,0,1,0,0,,,,,,,,,
574,,,1,,,,,,,,,,,,,,,,,1,,,1,,,,,1,,,1,,1,,,,,,,,,1,,,,,,,,,0,1,0,0,,,,,,,,,
575,,1,,,,,,,,,,,,,,,,,,,,1,,,1,,,1,,,1,,1,,,,,,,,,1,,,,,,,,,0,0,0,0,,,,,,,,,
576,,,1,,,,,,,,,,,,,,,,,,,1,,,1,,,1,,,1,,1,,,,,,,,,1,,,,,,,,,0,0,0,0,,,,,,,,,
577,,,,1,,,,,,,,,,,,,,,,,,1,,,1,,,1,,,1,,1,,,,,,,,,1,,,,,,,,,0,0,0,0,,,,,,,,,
578,,,,,,1,,,,,,,,,,,,,1,,,1,,,1,,,1,,,1,,1,,,,,,,,,1,,,,,,,,,0,0,0,0,,,,,,,,,
579,,,,,,,,,,,,1,,,,,,,,,,1,,,1,,,1,,,1,,1,,,,,,,,,1,,,,,,,,,0,0,0,0,,,,,,,,,
580,1,,,,,,,,1,,,,,,,,1,,,,,1,,,1,,,1,,,1,,1,,,,,,,,,1,,,,,,,,,0,0,0,0,,,,,,,,,
581,1,,,,,,,,,,,,,,1,,,,,,,1,,,,1,,1,,1,,,1,,,,,,,,,,,,,,,1,,,0,0,0,0,,,,,,,,,
582,,,,,,,,,,,,,,1,,,,,,,,1,,,,1,,1,,1,,,1,,,,,,,,,,,,,,,1,,,0,0,0,0,,,,,,,,,
583,1,,,,,,1,,,,,,,,,,,,1,,,1,,,1,,,1,,,1,,1,,,,,,,,,1,,,,,,,1,,0,0,0,0,,,,,,,,,
584,1,1,,,,,,,,,,,,,,,,,,,,1,,,1,,,1,,,1,,1,,,,,,,,,1,,,,,,,1,,0,0,0,0,,,,,,,,,
585,1,1,,,,,,,,,,,,,,,,,,,,1,,,,1,,1,,,1,,1,,,,,,,,,1,,,,,,,,1,0,0,0,0,,,,,,,,,
586,,,,,,,,,,,,,,1,,,,,,,,1,,,,1,,1,,,1,,1,,,,,,,,,1,,,,,,,,1,0,0,0,0,,,,,,,,,
587,,,,,,,,,,,,,,,,1,,,,,,1,,,,1,,1,,,,1,1,,,,,,,,,1,,,,,,,1,,0,0,0,0,,,,,,,,,
588,,,1,,,,,,,,,,,,,,,,,,,1,,,,1,,1,,,,1,1,,,,,,,,,1,,,,,,,1,,0,0,0,0,,,,,,,,,
589,1,1,,,,,,,,,,,,,,,,,,,,1,,,,1,,1,,,,1,1,,,,,,,,,1,,,,,,,,,0,0,0,0,,,,,,,,,
590,1,,,,,1,,,,,,,,,,,,,1,,,1,,,,1,,1,,,,1,1,,,,,,,,,1,,,,,,,1,,0,0,0,0,,,,,,,,,
591,0,1,,,,,,,,,,,,,,,,,,,,1,,,,1,,,1,,,1,1,,,,,,,,,,1,,,,,,,,0,0,0,0,,,,,,,,,
592,0,,,,,,,,1,,,,,,,,,,,,,1,,,,1,,,1,,,1,1,,,,,,,,,,1,,,,,,,,0,0,0,0,,,,,,,,,
593,,,,,,,,,1,,,,,,,,1,,,,,1,,,,1,,1,,,,1,1,,1,1,,,,,,1,,,,,,,,,0,0,0,0,,,,,,,,,
594,,,1,,,,,,,,,,,,,,,,,,,1,,,,1,,1,,,,1,1,,,,,,,,,1,,,,,,,,,0,0,1,0,,,,,,,,,
595,,,,,1,,,,,,,,,,,,,,,,,1,,,,1,,1,,,,1,1,,,,,,,,,1,,,,,,,,,0,0,1,0,,,,,,,,,
596,,,1,,,,,,,,,,,,,,,,,,,1,,,1,,,1,,,1,,1,,1,,,,,,,1,,,,,,,1,,0,0,0,0,,,,,,,,,
597,,,,,,,,,1,,,,,,,,1,,,,,1,,,1,,,1,,,1,,1,,1,,,,,,,1,,,,,,,1,,0,0,0,0,,,,,,,,,
598,1,,,,,,,,,,,,,1,,,,,,,,1,,,,1,,1,,,1,,1,,,,,,,,,1,,,,,,,,1,0,1,0,0,,,,,,,,,
599,,,,,,,,,,,,,,,1,,,,,,,1,,,,1,,1,,,1,,1,,,,,,,,,1,,,,,,,,,1,0,0,0,,,,,,,,,
600,1,,1,,,,,,,,,,,,,,,,,,,1,,,,1,,1,,,1,,1,,,,,,,,,1,,,,,,,1,,0,0,0,0,,,,,,,,,
601,,,,1,,,,,,,,,,,,,,,,,,1,,,,1,,1,,,,1,1,,,,,,,,,1,,,,,,,,,1,0,0,0,,,,,,,,,
602,1,,1,,,,,,,,,,,,,,,,,,,1,,,,1,,1,,,,1,1,,,,,,,,,1,,,,,,,,,1,0,0,0,,,,,,,,,
603,,1,,,,,,,,,,,,,,,,,,,,1,,,,1,,1,,,1,,1,,,,,,,,,1,,,,,,,,,1,1,0,0,,,,,,,,,
604,,,1,,,,,,,,,,,,,,,,,,,1,,,,1,,1,,,1,,1,,,,,,,,,1,,,,,,,,,1,1,0,0,,,,,,,,,
605,,1,,,,,,,1,,,,,,,,1,,,,,1,,,,1,,1,,,,1,1,,,,,,,,,1,,,,,,,,,0,0,0,0,1,,,,,,,,
606,1,,,,,,,,1,,,,,,,,1,,,,,1,,,,1,,1,,1,,,1,,,,1,,,,,1,,,,,,,,,0,0,0,0,,,,,,,,,
607,,,,,,,,,,,,,,1,,,,,,,,1,,,,1,,1,,1,,,1,,,,1,,,,,1,,,,,,,,,0,0,0,0,,,,,,,,,
608,1,1,,,,,,,,,,,,,,,,,,,,1,,,,1,,1,,1,,,1,,,,1,,,,,1,,,,,,,,,0,0,0,0,,,,,,,,,
609,,,,,,,,1,,,,,,,,,,1,,,,1,,,,1,,1,,1,,,1,,,,,,,,,1,,,,,,,,1,0,1,0,0,,,,,,,,,
610,,,1,,,,,,,,,,,,,,,,,,,1,,,,1,,1,,1,,,1,,,,,,,,,1,,,,,,,,1,0,1,0,0,,,,,,,,,
611,,1,,,,,,,,,,,,,,,,,,,,1,,,1,,,1,,,1,,1,,,,,,,,,,1,,,,,,,,0,0,0,0,,,,,,,,,
612,,,1,,,,,,,,,,,,,,,,,,,1,,,1,,,1,,,1,,1,,,,,,,,,,1,,,,,,,,0,0,0,0,,,,,,,,,
613,,1,1,,,,,,,,,,,,,,,,,,,1,,,,1,,1,,,,1,1,,,,,,,,,1,,,,,,,,,0,0,0,0,1,,,,,,,,
614,,,1,1,,,,,,,,,,,,,,,,,,1,,,,1,,1,,,,1,1,,,,,,,,,1,,,,,,,,,0,0,0,0,1,,,,,,,,
615,1,,,,,,,,,1,,,,,,,,,1,,,1,,,,1,,1,,,1,,1,,,,,,,,,1,,,,,,,,1,0,1,0,0,,,,,,,,,
616,,1,,,,,,,,,,,,,,,,,,,,1,,,,1,,1,,,,1,1,,,,,,,,,1,,,,,,,,1,0,1,0,0,,,,,,,,,
617,,,1,,,,,,,,,,,,,,,,,,,1,,,,1,,1,,,,1,1,,,,,,,,,1,,,,,,,,1,0,1,0,0,,,,,,,,,
618,,,,,,1,,,,,,,,,,,,,,,,1,,,,1,,1,,,,1,1,,,,,,,,,1,,,,,,,,,1,,0,0,,,,,,,,,
619,,1,,,,,,,,,,,,,,,,,,,,1,,,,1,,1,,,,1,1,,,,,,,,,1,,,,,,,,,1,,0,0,,,,,,,,,
620,,,1,,,,,1,,,,,,,,,,,,,,1,,,1,,,1,,,1,,1,,,,,,,,,1,,,,,,,,,0,0,0,0,1,,,,,,,,
621,1,,,,,,,1,,,,,1,,,,,,,,,1,,,1,,,1,,,1,,1,,,,,,,,,1,,,,,,,,,0,0,0,0,1,,,,,,,,
622,,1,,,,,,1,,,,,,,,,,,,,,1,,,1,,,1,,,1,,1,,,,,,,,,1,,,,,,,,,0,0,0,0,1,,,,,,,,
623,1,1,1,,,,,,,,,,,,,,,,,,,1,,,1,,,1,,,1,,1,,,,,,,,,1,,,,,,,,,0,0,0,0,1,,,,,,,,
624,,,,,,,,,,,,,,,1,,,,,,,1,,,,1,,1,,,1,,1,,,,,,,,,1,,,,,,,,,1,0,0,0,,,,,,,,,
625,0,,1,,,,,,,,,,,,,,,,,,,1,,,,1,,1,,,1,,1,,,,,,,,,1,,,,,,,,,1,0,0,0,,,,,,,,,
626,1,,1,,,,,,,,,,,,,,,,,,,1,,,1,,,1,,1,,,,,1,,,,,,,,,,,1,,,,,0,0,0,0,,,,,1,,1,,
627,,,1,,,,,,,,,,,,,,,,,,,1,,,,1,,1,,,,1,1,,,,,,,,,,,,,,,1,,,0,0,0,0,,,,,,,,,
628,,1,,,,,,,,,,,,,,,,,,,,1,,,,1,,1,,,,1,1,,,,,,,,,,,,,,,1,,,0,0,0,0,,,,,,,,,
629,,,1,,,,,,,,,,,,,,,,,,1,,1,,,,,,1,1,,,1,,,,,,,,,1,,,,,,,,,0,0,0,0,,,,,,,,,
630,,,,,,,,,,,,1,,,,,,,1,1,,,,,1,,,1,,,,1,1,,,,,,,,,1,,,,,,,,,0,0,0,0,,,,,,,,,
631,,,,,,,,,1,,,,,,,,1,,,1,,,,,1,,,1,,,,1,1,,,,,,,,,1,,,,,,,,,0,0,0,0,,,,,,,,,
632,,,1,,,,,,,,,,,,,,,,,1,,,,,1,,1,,,,1,,1,,1,,,,,,,1,,,,,,,,,0,1,0,0,,,,,,,,,
633,,,,,,,,1,,,,,,,,,,,,,1,,1,,,,,1,,,1,,1,,,,,,,,,1,,,,,,,,,0,0,0,1,,,,,,,,,
634,,,1,,,,,,,,,,,,,,,,,,1,,1,,,,,1,,,1,,1,,,,,,,,,1,,,,,,,,,0,0,0,1,,,,,,,,,
635,,,,,,,1,,,,,,,,,,,,,,1,,1,,,,,1,,,1,,1,,,,,,,,,1,,,,,,,,,0,0,0,1,,,,,,,,,
636,,1,,,,,,,,,,,,,,,,,,,1,,1,,,,,1,,,1,,1,,,,,,,,,1,,,,,,,1,,0,0,0,0,,,,,,,,,
637,,,1,,,,,,,,,,,,,,,,,,1,,1,,,,,1,,,1,,1,,,,,,,,,1,,,,,,,,,0,0,0,0,,,,,,,,,
638,1,1,,,,,,,,,,,,,,,,,,1,,,,,1,,1,,,,,1,1,,,,,,,,,1,,,,,,,,,0,0,0,0,,,,,,,,1,
639,,,,1,,,,,,,,,,,,,,,,1,,,,,1,,1,,,,,1,1,,,,,,,,,1,,,,,,,,,0,0,0,0,,,,,,,,1,
640,,,1,,,,,,,,,1,,,,,,,,,,1,1,,,,,1,,,1,,1,,,,,,,,,1,,,,,,,,,0,0,0,1,1,,,,,,,,
641,0,1,1,,,,,,,,,,,,,,,,,,,1,1,,,,,1,,,1,,1,,,,,,,,,1,,,,,,,,,0,0,0,1,1,,,,,,,,
642,,,,,,1,,,,,,,,,,,,,,1,,,1,,,,1,,,,1,,1,,1,1,,,,,,1,,,,,,,,,0,0,1,0,,,,,,,,,
643,0,,,,,,,1,,,,,,,,,,1,,1,,,1,,,,1,,,,1,,1,,1,1,,,,,,1,,,,,,,,,0,0,1,0,,,,,,,,,
644,,,,,,,,,,1,,,,,,,,,,1,,,1,,,,1,,,,,1,,,1,,,,,,,,,1,,,,,,,0,0,1,0,,,,,,,1,,
645,0,1,,,,,,,,,,,,,,,,,,1,,,1,,,,1,,,,,1,,,1,,,,,,,,,1,,,,,,,0,0,1,0,,,,,,,1,,
646,,1,,,,,,,,,,1,,,,,,,,1,,,1,,,,,1,,,1,,,,1,,,,,,,1,,,,,,,,,0,0,0,0,1,,,,,,,,
647,,,,1,,,,,,,,,,,,,,,,,1,,,,1,,,1,,,1,,1,,,,,,,,,1,,,,,,,,,0,0,0,0,,,,,,,,,
648,1,,1,,,,,,,,,,,,,,,,,,1,,,,1,,,1,,,1,,1,,,,,,,,,1,,,,,,,,,0,0,0,0,,,,,,,,,
649,,,,,,,,,,,,,,,,1,,,,,1,,,,1,,,1,,,1,,1,,,,,,,,,1,,,,,,,,,0,0,0,0,,,,,,,,,
650,,,,,,,1,,,,,,,,,,,,,1,,,1,,,,1,,,,1,,1,,1,1,,,,,,1,,,,,,,,1,0,1,0,0,,,,,,,,1,
651,0,,,1,,,,,,,,,,,,,,,,1,,,1,,,,1,,,,1,,1,,1,1,,,,,,1,,,,,,,,1,0,1,0,0,,,,,,,,1,
652,,,,1,,,,,,,,,,,,,,,,1,,,,,,1,,1,,,1,,1,,,,,,,,,1,,,,,,,,1,0,0,0,1,,,,,,,,1,
653,,,,,,,,,,,,,,1,,,,,,1,,,,,,1,,1,,,1,,1,,,,,,,,,1,,,,,,,,1,0,0,0,1,,,,,,,,1,
654,0,,1,,,,,,,,,,,,,,,,,1,,,,,,1,,1,,,1,,1,,,,,,,,,,,,,1,,,,1,0,0,0,0,,,,,,,1,1,
655,,,,,,,,,,,,,,1,,,,,,1,,,,,,1,,1,,,1,,1,,,,,,,,,,,,,1,,,,1,0,0,0,0,,,,,,,1,1,
656,0,,,,,1,,,,,,,,,,,,,,1,,,,,,1,,,1,,1,,1,,,,,,,,,1,,,,,,,1,,0,0,0,0,,,,,,,,,
657,,,,,,,,,,,,,,1,,,,,,1,,,,,,1,,,1,,1,,1,,,,,,,,,1,,,,,,,1,,0,0,0,0,,,,,,,,,
658,,,,,,,,,1,,,,,,,,1,,,1,,,,,,1,,,1,,1,,1,,,,,,,,,1,,,,,,,1,,0,0,0,0,,,,,,,,,
659,,,,,,,,,,,1,,,,,,,,,1,,,,,1,,,1,,,1,,,,,,1,,,,,1,,,,,,,,,0,0,0,0,,,,,,1,,,
660,1,1,,,,,,,,,,,,,,,,,,1,,,,,1,,,1,,,1,,,,,,1,,,,,1,,,,,,,,,0,0,0,0,,,,,,1,,,
661,,,1,,,,,1,,,,,,,,,,,,1,,,,,,1,,,1,,,1,,,1,,,,,,,,1,,,,,,,1,0,0,0,0,,,1,,,,,1,
662,,,1,,,,,,,,,,,,1,,,,,1,,,,,,1,,,1,,,1,,,1,,,,,,,,1,,,,,,,1,0,0,0,0,,,1,,,,,1,
663,,1,1,,,,,,,,,,,,,,,,,1,,,,,1,,1,,,,,1,1,,,,,,,,,1,,,,,,,,,0,0,0,0,1,,,,,,,1,
664,,1,1,,,,,,,,,,,,,,,,,1,,,,,1,,1,,,,,1,1,,,,,,,,,1,,,,,,,,,0,0,0,0,1,,,,,,,1,
665,1,,1,,,,,,,,,,,1,,,,,,1,,,,,,1,,1,,,1,,1,,1,,,,,,,,,,1,,,,,,0,0,0,0,,,1,,,,1,1,
666,,1,,,,,,,,,,,,,,,,,,1,,,,,,1,,1,,,1,,1,,1,,,,,,,,,,1,,,,,,0,0,0,0,,,,,,,1,1,
667,1,,,,,,,,1,,,,,,,,1,,,1,,,,,,1,,1,,,1,,1,,,,,,,,,1,,,,,,,1,,0,0,0,0,,,,,,,,,
668,1,,,,,,1,,,,,,,,,,,,1,1,,,,,,1,,1,,,1,,1,,,,,,,,,1,,,,,,,1,,0,0,0,0,,,,,,,,,
669,1,,,,,,,1,,,,,,,,,,,,1,,,,,,1,,1,,,1,,1,,,,,,,,,1,,,,,,,1,,0,0,0,0,,,,,,,,,
670,,1,,,,,,,,,,,,,,,,,,1,,,,,,1,,1,,,1,,,,1,,,,,,,,,,1,,,,,,0,0,0,0,,,,,,,1,,
671,,1,,,,,,,,,,,,,,,,,,,1,,1,,,,,1,,,1,,1,,,,,,,,,1,,,,,,,,,0,0,0,0,,,,,,,,,
672,1,,1,,,,,,,,,,,,,,,,,,1,,1,,,,,1,,,1,,1,,,,,,,,,1,,,,,,,,,0,0,0,0,,,,,,,,,
673,,,,,,,,,,,,,,1,,,,,,,1,,1,,,,,1,,,1,,1,,,,,,,,,1,,,,,,,,,0,0,0,0,,,,,,,,,
674,,,,,,,1,,,,,,,,,,,,1,,1,,1,,,,,1,,,1,,1,,,,,,,,,1,,,,,,,,,0,0,0,0,,,,,,,,,
675,,,,,,,,,,,,,,,1,,,,,,1,,1,,,,,1,,,1,,1,,,,,,,,,1,,,,,,,,,0,0,0,0,,,,,,,,,
676,0,,,,,,,,,1,,,,,,,,,1,1,,,1,,,,1,,,,,1,1,,,,,,,,,1,,,,,,,,,0,0,0,0,,,,,,,,1,
677,,,,,,,,,,,,,,,,1,,,1,1,,,1,,,,1,,,,,1,1,,,,,,,,,1,,,,,,,,,0,0,0,0,,,,,,,,1,
678,,,,,,,1,,,,,,,,,,,,,1,,,1,,,,1,,,,,1,1,,,,,,,,,1,,,,,,,,,0,0,0,0,,,,,,,,1,
679,,1,,,,,,,,,,,,,,,,,,1,,,1,,,,1,,,,,1,1,,,,,,,,,1,,,,,,,,,0,0,0,0,,,,,,,,1,
680,,,,,,,1,,,,,,,,,,,,1,1,,,1,,,,1,,,,,1,1,,,,,,,,,1,,,,,,,,,0,0,0,0,,,,,,,,1,
681,,,,1,,,,,,,,,,,,,,,,1,,,1,,,,1,,,,,1,1,,,,,,,,,1,,,,,,,,,0,0,0,0,,,,,,,,1,
682,,,,,,1,,,,,,,,,,,,,,1,,,,,,1,1,,,,1,,1,,,,,,,,,1,,,,,,,,,1,0,0,0,,,,,,,,1,
683,0,1,,,,,,,,,,,,,,,,,,1,,,,,,1,1,,,,1,,1,,,,,,,,,1,,,,,,,,,1,0,0,0,,,,,,,,1,
684,1,,,,,,,,,,,,,,1,,,,,1,,,,,,1,1,,,,1,,1,,,,,,,,,1,,,,,,,,,1,0,0,0,,,,,,,,1,
685,,,,,,,,,,,,,,1,,,,,,1,,,,,,1,1,,,,1,,1,,,,,,,,,1,,,,,,,,,1,0,0,0,,,,,,,,1,
686,0,,,,,,,,,,,,,,1,,,,,1,,,,,,1,1,,,,1,,1,,,,,,,,,1,,,,,,,,,0,0,0,0,,,,1,,,,1,
687,,,1,,,,,,,,,,,,,,,,,1,,,,,,1,1,,,,1,,1,,,,,,,,,1,,,,,,,,,0,0,0,0,,,,1,,,,1,
688,0,,,,,,1,,,,,,,,,,,,,1,,,1,,,,1,,,,1,,1,,,,,,,,,1,,,,,,,,,,0,1,0,,,,,,,,1,
689,,,1,,,,,,,,,,,,,,,,,1,,,1,,,,1,,,,1,,1,,,,,,,,,1,,,,,,,,,,0,1,0,,,,,,,,1,
690,,,1,,,,,,1,,,,,,,,1,,,,1,,,,,1,,1,,,1,,1,,,,,,,,,1,,,,,,,,,1,0,0,0,,,,,,,,,
691,1,,1,,1,,,,,,,,,,,,,,,,1,,,,,1,,1,,,1,,1,,,,,,,,,1,,,,,,,,,1,0,0,0,,,,,,,,,
692,,,,1,,,,,,,,,,,,,,,,1,,,,,1,,1,,,,1,,1,,,,,,,,,1,,,,,,,,1,0,0,0,0,,,,,,,,1,
693,0,,,,,,,,,,,,,,,,1,,,1,,,,,1,,1,,,,1,,1,,,,,,,,,1,,,,,,,,1,0,0,0,0,,,,,,,,1,
